ComputerName,VolumeID,File,ParentName,FullName,Extension,SizeInBytes,Attributes,CreationDate,LastModificationDate,LastAccessDate,RecordInUse,ShortName,MD5,SHA1,FirstBytes,Version,CompanyName,ProductName,OriginalFileName,Platform,TimeStamp,SubSystem,FileType,FileOS,SHA256,PeSHA1,PeSHA256,SecurityDirectory,AuthenticodeStatus,AuthenticodeSigner,AuthenticodeSignerThumbprint,AuthenticodeCA,AuthenticodeCAThumbprint,PeMD5
,,"EFI","",,"",0,"...D..................",2025-04-01 16:15:34.000,2025-04-01 16:15:36.000,2025-04-01 00:00:00.000,Y,,,,,,,,,,,,,,,,,,,,,,,
,,"Boot","\EFI",,"",0,"...D..................",2025-04-01 16:19:50.000,2025-04-01 16:19:52.000,2025-04-01 00:00:00.000,Y,,,,,,,,,,,,,,,,,,,,,,,
,,"Microsoft","\EFI",,"",0,"...D..................",2025-04-01 16:15:34.000,2025-04-01 16:15:36.000,2025-04-01 00:00:00.000,Y,,,,,,,,,,,,,,,,,,,,,,,
,,"?OOTX64.EFI","\EFI\Boot",,".EFI",1561960,"......N...............",2025-04-01 16:19:50.000,2022-09-08 04:06:34.000,2025-04-01 00:00:00.000,N,,,,,,,,,,,,,,,,,,,,,,,
,,"?OOTX6~1.{17","\EFI\Boot",,".{17",1598896,"......N...............",2025-04-01 16:19:50.000,2025-04-01 17:02:20.000,2025-04-01 00:00:00.000,N,,,,,,,,,,,,,,,,,,,,,,,
,,"?OOTX6~1.{28","\EFI\Boot",,".{28",1561960,"......N...............",2025-04-01 16:19:50.000,2022-09-08 04:06:34.000,2025-04-01 00:00:00.000,N,,,,,,,,,,,,,,,,,,,,,,,
,,"BOOTX64.EFI","\EFI\Boot",,".EFI",1598896,"......N...............",2025-04-01 16:19:50.000,2025-04-01 17:02:20.000,2025-04-01 00:00:00.000,Y,,,,,,,,,,,,,,,,,,,,,,,
,,"Boot","\EFI\Microsoft",,"",0,"...D..................",2025-04-01 16:15:34.000,2025-04-01 22:51:02.000,2025-04-01 00:00:00.000,Y,,,,,,,,,,,,,,,,,,,,,,,
,,"Recovery","\EFI\Microsoft",,"",0,"...D..................",2025-04-01 16:19:50.000,2025-04-01 16:19:52.000,2025-04-01 00:00:00.000,Y,,,,,,,,,,,,,,,,,,,,,,,
,,"?DNET_~1.DLL","\EFI\Microsoft\Boot",,".DLL",18920,"......N...............",2025-04-01 16:19:50.000,2025-04-01 17:04:54.000,2025-04-01 00:00:00.000,N,,,,,,,,,,,,,,,,,,,,,,,
,,"?DSTUB~1.{95","\EFI\Microsoft\Boot",,".{95",28512,"......N...............",2025-04-01 16:19:50.000,2022-09-08 04:06:36.000,2025-04-01 00:00:00.000,N,,,,,,,,,,,,,,,,,,,,,,,
,,"?INSIP~1.{2C","\EFI\Microsoft\Boot",,".{2C",9796,"......N...............",2025-04-01 16:19:50.000,2019-12-07 11:08:48.000,2025-04-01 00:00:00.000,N,,,,,,,,,,,,,,,,,,,,,,,
,,"?INSIP~1.{B1","\EFI\Microsoft\Boot",,".{B1",9796,"......N...............",2025-04-01 16:19:50.000,2019-12-07 10:08:48.000,2025-04-01 00:00:00.000,N,,,,,,,,,,,,,,,,,,,,,,,
,,"?OOTMGFW.EFI","\EFI\Microsoft\Boot",,".EFI",1598896,"......N...............",2025-04-01 16:19:50.000,2025-04-01 17:02:20.000,2025-04-01 00:00:00.000,N,,,,,,,,,,,,,,,,,,,,,,,
,,"?OOTMGR.EFI","\EFI\Microsoft\Boot",,".EFI",1582496,"......N...............",2025-04-01 16:19:50.000,2025-04-01 17:02:20.000,2025-04-01 00:00:00.000,N,,,,,,,,,,,,,,,,,,,,,,,
,,"?OOTMG~1.{3C","\EFI\Microsoft\Boot",,".{3C",1561960,"......N...............",2025-04-01 16:19:50.000,2022-09-08 04:06:34.000,2025-04-01 00:00:00.000,N,,,,,,,,,,,,,,,,,,,,,,,
,,"?OOTMG~1.{75","\EFI\Microsoft\Boot",,".{75",1545568,"......N...............",2025-04-01 16:19:50.000,2022-09-08 04:06:34.000,2025-04-01 00:00:00.000,N,,,,,,,,,,,,,,,,,,,,,,,
,,"BCD","\EFI\Microsoft\Boot",,"",28672,"......N...............",2025-04-01 16:15:34.000,2025-04-01 21:21:36.000,2025-04-01 00:00:00.000,Y,,,,,,,,,,,,,,,,,,,,,,,
,,"BCD.LOG","\EFI\Microsoft\Boot",,".LOG",32768,".HS...N...............",2025-04-01 16:15:34.000,2025-04-01 16:15:36.000,2025-04-01 00:00:00.000,Y,,,,,,,,,,,,,,,,,,,,,,,
,,"BCD.LOG1","\EFI\Microsoft\Boot",,".LOG1",0,".HS...N...............",2025-04-01 16:19:50.000,2025-04-01 16:19:52.000,2025-04-01 00:00:00.000,Y,,,,,,,,,,,,,,,,,,,,,,,
,,"BCD.LOG2","\EFI\Microsoft\Boot",,".LOG2",0,".HS...N...............",2025-04-01 16:19:50.000,2025-04-01 16:19:52.000,2025-04-01 00:00:00.000,Y,,,,,,,,,,,,,,,,,,,,,,,
,,"bg-BG","\EFI\Microsoft\Boot",,"",0,"...D..................",2025-04-01 16:19:50.000,2025-04-01 16:19:52.000,2025-04-01 00:00:00.000,Y,,,,,,,,,,,,,,,,,,,,,,,
,,"BOOT.STL","\EFI\Microsoft\Boot",,".STL",11030,"......N...............",2025-04-01 16:19:50.000,2025-04-01 17:02:20.000,2025-04-01 00:00:00.000,Y,,,,,,,,,,,,,,,,,,,,,,,
,,"BOOTMGFW.EFI","\EFI\Microsoft\Boot",,".EFI",163640,"......N...............",2025-04-01 16:19:50.000,2025-04-01 22:50:54.000,2025-04-01 00:00:00.000,Y,,,,,,,,,,,,,,,,,,,,,,,
,,"BOOTMGR.EFI","\EFI\Microsoft\Boot",,".EFI",1582496,"......N...............",2025-04-01 16:19:50.000,2025-04-01 17:02:20.000,2025-04-01 00:00:00.000,Y,,,,,,,,,,,,,,,,,,,,,,,
,,"BOOTSTAT.DAT","\EFI\Microsoft\Boot",,".DAT",65536,".HS...N...............",2025-04-01 16:19:50.000,2025-04-01 21:07:26.000,2025-04-01 00:00:00.000,Y,,,,,,,,,,,,,,,,,,,,,,,
,,"cloak.dat","\EFI\Microsoft\Boot",,".dat",1655808,"......N...............",2025-04-01 22:51:02.000,2025-04-01 22:51:02.000,2025-04-01 00:00:00.000,Y,,,,,,,,,,,,,,,,,,,,,,,
,,"cs-CZ","\EFI\Microsoft\Boot",,"",0,"...D..................",2025-04-01 16:19:50.000,2025-04-01 16:19:52.000,2025-04-01 00:00:00.000,Y,,,,,,,,,,,,,,,,,,,,,,,
,,"da-DK","\EFI\Microsoft\Boot",,"",0,"...D..................",2025-04-01 16:19:50.000,2025-04-01 16:19:52.000,2025-04-01 00:00:00.000,Y,,,,,,,,,,,,,,,,,,,,,,,
,,"de-DE","\EFI\Microsoft\Boot",,"",0,"...D..................",2025-04-01 16:19:50.000,2025-04-01 16:19:52.000,2025-04-01 00:00:00.000,Y,,,,,,,,,,,,,,,,,,,,,,,
,,"el-GR","\EFI\Microsoft\Boot",,"",0,"...D..................",2025-04-01 16:19:50.000,2025-04-01 16:19:52.000,2025-04-01 00:00:00.000,Y,,,,,,,,,,,,,,,,,,,,,,,
,,"en-GB","\EFI\Microsoft\Boot",,"",0,"...D..................",2025-04-01 16:19:50.000,2025-04-01 16:19:52.000,2025-04-01 00:00:00.000,Y,,,,,,,,,,,,,,,,,,,,,,,
,,"en-US","\EFI\Microsoft\Boot",,"",0,"...D..................",2025-04-01 16:19:50.000,2025-04-01 16:19:52.000,2025-04-01 00:00:00.000,Y,,,,,,,,,,,,,,,,,,,,,,,
,,"es-ES","\EFI\Microsoft\Boot",,"",0,"...D..................",2025-04-01 16:19:50.000,2025-04-01 16:19:52.000,2025-04-01 00:00:00.000,Y,,,,,,,,,,,,,,,,,,,,,,,
,,"es-MX","\EFI\Microsoft\Boot",,"",0,"...D..................",2025-04-01 16:19:50.000,2025-04-01 16:19:52.000,2025-04-01 00:00:00.000,Y,,,,,,,,,,,,,,,,,,,,,,,
,,"et-EE","\EFI\Microsoft\Boot",,"",0,"...D..................",2025-04-01 16:19:50.000,2025-04-01 16:19:52.000,2025-04-01 00:00:00.000,Y,,,,,,,,,,,,,,,,,,,,,,,
,,"fi-FI","\EFI\Microsoft\Boot",,"",0,"...D..................",2025-04-01 16:19:50.000,2025-04-01 16:19:52.000,2025-04-01 00:00:00.000,Y,,,,,,,,,,,,,,,,,,,,,,,
,,"Fonts","\EFI\Microsoft\Boot",,"",0,"...D..................",2025-04-01 16:19:50.000,2025-04-01 16:19:52.000,2025-04-01 00:00:00.000,Y,,,,,,,,,,,,,,,,,,,,,,,
,,"fr-CA","\EFI\Microsoft\Boot",,"",0,"...D..................",2025-04-01 16:19:50.000,2025-04-01 16:19:52.000,2025-04-01 00:00:00.000,Y,,,,,,,,,,,,,,,,,,,,,,,
,,"fr-FR","\EFI\Microsoft\Boot",,"",0,"...D..................",2025-04-01 16:19:50.000,2025-04-01 16:19:52.000,2025-04-01 00:00:00.000,Y,,,,,,,,,,,,,,,,,,,,,,,
,,"hr-HR","\EFI\Microsoft\Boot",,"",0,"...D..................",2025-04-01 16:19:50.000,2025-04-01 16:19:52.000,2025-04-01 00:00:00.000,Y,,,,,,,,,,,,,,,,,,,,,,,
,,"hu-HU","\EFI\Microsoft\Boot",,"",0,"...D..................",2025-04-01 16:19:50.000,2025-04-01 16:19:52.000,2025-04-01 00:00:00.000,Y,,,,,,,,,,,,,,,,,,,,,,,
,,"it-IT","\EFI\Microsoft\Boot",,"",0,"...D..................",2025-04-01 16:19:50.000,2025-04-01 16:19:52.000,2025-04-01 00:00:00.000,Y,,,,,,,,,,,,,,,,,,,,,,,
,,"ja-JP","\EFI\Microsoft\Boot",,"",0,"...D..................",2025-04-01 16:19:50.000,2025-04-01 16:19:52.000,2025-04-01 00:00:00.000,Y,,,,,,,,,,,,,,,,,,,,,,,
,,"kd_02_15b3.dll","\EFI\Microsoft\Boot",,".dll",45552,"......N...............",2025-04-01 16:19:50.000,2025-04-01 17:04:54.000,2025-04-01 00:00:00.000,Y,,,,,,,,,,,,,,,,,,,,,,,
,,"kd_02_19a2.dll","\EFI\Microsoft\Boot",,".dll",32728,"......N...............",2025-04-01 16:19:50.000,2025-04-01 17:04:54.000,2025-04-01 00:00:00.000,Y,,,,,,,,,,,,,,,,,,,,,,,
,,"kd_02_1af4.dll","\EFI\Microsoft\Boot",,".dll",21480,"......N...............",2025-04-01 16:19:50.000,2025-04-01 17:04:52.000,2025-04-01 00:00:00.000,Y,,,,,,,,,,,,,,,,,,,,,,,
,,"kd_02_1969.dll","\EFI\Microsoft\Boot",,".dll",45544,"......N...............",2025-04-01 16:19:50.000,2025-04-01 17:04:54.000,2025-04-01 00:00:00.000,Y,,,,,,,,,,,,,,,,,,,,,,,
,,"kd_02_8086.dll","\EFI\Microsoft\Boot",,".dll",299496,"......N...............",2025-04-01 16:19:50.000,2025-04-01 17:04:52.000,2025-04-01 00:00:00.000,Y,,,,,,,,,,,,,,,,,,,,,,,
,,"kdnet_uart16550.dll","\EFI\Microsoft\Boot",,".dll",18920,"......N...............",2025-04-01 16:19:50.000,2025-04-01 17:04:54.000,2025-04-01 00:00:00.000,Y,,,,,,,,,,,,,,,,,,,,,,,
,,"KDSTUB.DLL","\EFI\Microsoft\Boot",,".DLL",28648,"......N...............",2025-04-01 16:19:50.000,2025-04-01 17:02:32.000,2025-04-01 00:00:00.000,Y,,,,,,,,,,,,,,,,,,,,,,,
,,"kd_02_10df.dll","\EFI\Microsoft\Boot",,".dll",32744,"......N...............",2025-04-01 16:19:50.000,2025-04-01 17:04:54.000,2025-04-01 00:00:00.000,Y,,,,,,,,,,,,,,,,,,,,,,,
,,"kd_02_10ec.dll","\EFI\Microsoft\Boot",,".dll",380376,"......N...............",2025-04-01 16:19:50.000,2025-04-01 17:04:52.000,2025-04-01 00:00:00.000,Y,,,,,,,,,,,,,,,,,,,,,,,
,,"kd_02_1137.dll","\EFI\Microsoft\Boot",,".dll",27624,"......N...............",2025-04-01 16:19:50.000,2025-04-01 17:04:54.000,2025-04-01 00:00:00.000,Y,,,,,,,,,,,,,,,,,,,,,,,
,,"kd_02_14e4.dll","\EFI\Microsoft\Boot",,".dll",241112,"......N...............",2025-04-01 16:19:50.000,2025-04-01 17:04:54.000,2025-04-01 00:00:00.000,Y,,,,,,,,,,,,,,,,,,,,,,,
,,"kd_07_1415.dll","\EFI\Microsoft\Boot",,".dll",19936,"......N...............",2025-04-01 16:19:50.000,2025-04-01 17:04:54.000,2025-04-01 00:00:00.000,Y,,,,,,,,,,,,,,,,,,,,,,,
,,"kd_0C_8086.dll","\EFI\Microsoft\Boot",,".dll",50144,"......N...............",2025-04-01 16:19:50.000,2025-04-01 17:04:54.000,2025-04-01 00:00:00.000,Y,,,,,,,,,,,,,,,,,,,,,,,
,,"ko-KR","\EFI\Microsoft\Boot",,"",0,"...D..................",2025-04-01 16:19:50.000,2025-04-01 16:19:52.000,2025-04-01 00:00:00.000,Y,,,,,,,,,,,,,,,,,,,,,,,
,,"lt-LT","\EFI\Microsoft\Boot",,"",0,"...D..................",2025-04-01 16:19:50.000,2025-04-01 16:19:52.000,2025-04-01 00:00:00.000,Y,,,,,,,,,,,,,,,,,,,,,,,
,,"lv-LV","\EFI\Microsoft\Boot",,"",0,"...D..................",2025-04-01 16:19:50.000,2025-04-01 16:19:52.000,2025-04-01 00:00:00.000,Y,,,,,,,,,,,,,,,,,,,,,,,
,,"MEMTEST.EFI","\EFI\Microsoft\Boot",,".EFI",1376184,"......N...............",2025-04-01 16:19:50.000,2025-04-01 17:02:20.000,2025-04-01 00:00:00.000,Y,,,,,,,,,,,,,,,,,,,,,,,
,,"nb-NO","\EFI\Microsoft\Boot",,"",0,"...D..................",2025-04-01 16:19:50.000,2025-04-01 16:19:52.000,2025-04-01 00:00:00.000,Y,,,,,,,,,,,,,,,,,,,,,,,
,,"nl-NL","\EFI\Microsoft\Boot",,"",0,"...D..................",2025-04-01 16:19:50.000,2025-04-01 16:19:52.000,2025-04-01 00:00:00.000,Y,,,,,,,,,,,,,,,,,,,,,,,
,,"pl-PL","\EFI\Microsoft\Boot",,"",0,"...D..................",2025-04-01 16:19:50.000,2025-04-01 16:19:52.000,2025-04-01 00:00:00.000,Y,,,,,,,,,,,,,,,,,,,,,,,
,,"pt-BR","\EFI\Microsoft\Boot",,"",0,"...D..................",2025-04-01 16:19:50.000,2025-04-01 16:19:52.000,2025-04-01 00:00:00.000,Y,,,,,,,,,,,,,,,,,,,,,,,
,,"pt-PT","\EFI\Microsoft\Boot",,"",0,"...D..................",2025-04-01 16:19:50.000,2025-04-01 16:19:52.000,2025-04-01 00:00:00.000,Y,,,,,,,,,,,,,,,,,,,,,,,
,,"QPS-PLOC","\EFI\Microsoft\Boot",,"",0,"...D..................",2025-04-01 16:19:50.000,2025-04-01 16:19:52.000,2025-04-01 00:00:00.000,Y,,,,,,,,,,,,,,,,,,,,,,,
,,"Resources","\EFI\Microsoft\Boot",,"",0,"...D..................",2025-04-01 16:19:50.000,2025-04-01 16:19:52.000,2025-04-01 00:00:00.000,Y,,,,,,,,,,,,,,,,,,,,,,,
,,"ro-RO","\EFI\Microsoft\Boot",,"",0,"...D..................",2025-04-01 16:19:50.000,2025-04-01 16:19:52.000,2025-04-01 00:00:00.000,Y,,,,,,,,,,,,,,,,,,,,,,,
,,"ru-RU","\EFI\Microsoft\Boot",,"",0,"...D..................",2025-04-01 16:19:50.000,2025-04-01 16:19:52.000,2025-04-01 00:00:00.000,Y,,,,,,,,,,,,,,,,,,,,,,,
,,"SecureBootRecovery.efi","\EFI\Microsoft\Boot",,".efi",162192,"......N...............",2025-04-01 17:29:52.000,2025-04-01 17:02:20.000,2025-04-01 00:00:00.000,Y,,,,,,,,,,,,,,,,,,,,,,,
,,"sk-SK","\EFI\Microsoft\Boot",,"",0,"...D..................",2025-04-01 16:19:50.000,2025-04-01 16:19:52.000,2025-04-01 00:00:00.000,Y,,,,,,,,,,,,,,,,,,,,,,,
,,"sl-SI","\EFI\Microsoft\Boot",,"",0,"...D..................",2025-04-01 16:19:50.000,2025-04-01 16:19:52.000,2025-04-01 00:00:00.000,Y,,,,,,,,,,,,,,,,,,,,,,,
,,"sr-Latn-RS","\EFI\Microsoft\Boot",,"",0,"...D..................",2025-04-01 16:19:50.000,2025-04-01 16:19:52.000,2025-04-01 00:00:00.000,Y,,,,,,,,,,,,,,,,,,,,,,,
,,"sv-SE","\EFI\Microsoft\Boot",,"",0,"...D..................",2025-04-01 16:19:50.000,2025-04-01 16:19:52.000,2025-04-01 00:00:00.000,Y,,,,,,,,,,,,,,,,,,,,,,,
,,"tr-TR","\EFI\Microsoft\Boot",,"",0,"...D..................",2025-04-01 16:19:50.000,2025-04-01 16:19:52.000,2025-04-01 00:00:00.000,Y,,,,,,,,,,,,,,,,,,,,,,,
,,"uk-UA","\EFI\Microsoft\Boot",,"",0,"...D..................",2025-04-01 16:19:50.000,2025-04-01 16:19:52.000,2025-04-01 00:00:00.000,Y,,,,,,,,,,,,,,,,,,,,,,,
,,"winsipolicy.p7b","\EFI\Microsoft\Boot",,".p7b",9796,"......N...............",2025-04-01 16:19:50.000,2019-12-07 11:08:48.000,2025-04-01 00:00:00.000,Y,,,,,,,,,,,,,,,,,,,,,,,
,,"zh-CN","\EFI\Microsoft\Boot",,"",0,"...D..................",2025-04-01 16:19:50.000,2025-04-01 16:19:52.000,2025-04-01 00:00:00.000,Y,,,,,,,,,,,,,,,,,,,,,,,
,,"zh-TW","\EFI\Microsoft\Boot",,"",0,"...D..................",2025-04-01 16:19:50.000,2025-04-01 16:19:52.000,2025-04-01 00:00:00.000,Y,,,,,,,,,,,,,,,,,,,,,,,
,,"BCD","\EFI\Microsoft\Recovery",,"",20480,"......N...............",2025-04-01 16:19:50.000,2025-04-01 16:22:50.000,2025-04-01 00:00:00.000,Y,,,,,,,,,,,,,,,,,,,,,,,
,,"BCD.LOG","\EFI\Microsoft\Recovery",,".LOG",32768,".HS...N...............",2025-04-01 16:19:50.000,2025-04-01 16:19:52.000,2025-04-01 00:00:00.000,Y,,,,,,,,,,,,,,,,,,,,,,,
,,"BCD.LOG1","\EFI\Microsoft\Recovery",,".LOG1",0,".HS...N...............",2025-04-01 16:19:50.000,2025-04-01 16:19:52.000,2025-04-01 00:00:00.000,Y,,,,,,,,,,,,,,,,,,,,,,,
,,"BCD.LOG2","\EFI\Microsoft\Recovery",,".LOG2",0,".HS...N...............",2025-04-01 16:19:50.000,2025-04-01 16:19:52.000,2025-04-01 00:00:00.000,Y,,,,,,,,,,,,,,,,,,,,,,,
,,"?OOTMG~1.MUI","\EFI\Microsoft\Boot\bg-BG",,".MUI",82312,"......N...............",2025-04-01 16:19:50.000,2025-04-01 17:03:06.000,2025-04-01 00:00:00.000,N,,,,,,,,,,,,,,,,,,,,,,,
,,"?OOTMG~1.{06","\EFI\Microsoft\Boot\bg-BG",,".{06",81424,"......N...............",2025-04-01 16:19:50.000,2019-12-07 10:09:04.000,2025-04-01 00:00:00.000,N,,,,,,,,,,,,,,,,,,,,,,,
,,"?OOTMG~1.{51","\EFI\Microsoft\Boot\bg-BG",,".{51",81448,"......N...............",2025-04-01 16:19:50.000,2019-12-07 10:09:04.000,2025-04-01 00:00:00.000,N,,,,,,,,,,,,,,,,,,,,,,,
,,"?OOTMG~1.{5E","\EFI\Microsoft\Boot\bg-BG",,".{5E",82312,"......N...............",2025-04-01 16:19:50.000,2025-04-01 17:03:06.000,2025-04-01 00:00:00.000,N,,,,,,,,,,,,,,,,,,,,,,,
,,"?OOTMG~1.{7D","\EFI\Microsoft\Boot\bg-BG",,".{7D",82304,"......N...............",2025-04-01 16:19:50.000,2025-04-01 17:03:06.000,2025-04-01 00:00:00.000,N,,,,,,,,,,,,,,,,,,,,,,,
,,"?OOTMG~2.MUI","\EFI\Microsoft\Boot\bg-BG",,".MUI",82304,"......N...............",2025-04-01 16:19:50.000,2025-04-01 17:03:06.000,2025-04-01 00:00:00.000,N,,,,,,,,,,,,,,,,,,,,,,,
,,"bootmgfw.efi.mui","\EFI\Microsoft\Boot\bg-BG",,".mui",82312,"......N...............",2025-04-01 16:19:50.000,2025-04-01 17:03:06.000,2025-04-01 00:00:00.000,Y,,,,,,,,,,,,,,,,,,,,,,,
,,"bootmgr.efi.mui","\EFI\Microsoft\Boot\bg-BG",,".mui",82304,"......N...............",2025-04-01 16:19:50.000,2025-04-01 17:03:06.000,2025-04-01 00:00:00.000,Y,,,,,,,,,,,,,,,,,,,,,,,
,,"?EMTES~1.{5D","\EFI\Microsoft\Boot\cs-CZ",,".{5D",45576,"......N...............",2025-04-01 16:19:50.000,2019-12-07 11:09:04.000,2025-04-01 00:00:00.000,N,,,,,,,,,,,,,,,,,,,,,,,
,,"?OOTMG~1.MUI","\EFI\Microsoft\Boot\cs-CZ",,".MUI",81264,"......N...............",2025-04-01 16:19:50.000,2025-04-01 17:03:06.000,2025-04-01 00:00:00.000,N,,,,,,,,,,,,,,,,,,,,,,,
,,"?OOTMG~1.{75","\EFI\Microsoft\Boot\cs-CZ",,".{75",80400,"......N...............",2025-04-01 16:19:50.000,2019-12-07 10:09:04.000,2025-04-01 00:00:00.000,N,,,,,,,,,,,,,,,,,,,,,,,
,,"?OOTMG~1.{EA","\EFI\Microsoft\Boot\cs-CZ",,".{EA",80184,"......N...............",2025-04-01 16:19:50.000,2019-12-07 10:09:04.000,2025-04-01 00:00:00.000,N,,,,,,,,,,,,,,,,,,,,,,,
,,"?OOTMG~2.MUI","\EFI\Microsoft\Boot\cs-CZ",,".MUI",81392,"......N...............",2025-04-01 16:19:50.000,2025-04-01 17:03:06.000,2025-04-01 00:00:00.000,N,,,,,,,,,,,,,,,,,,,,,,,
,,"bootmgfw.efi.mui","\EFI\Microsoft\Boot\cs-CZ",,".mui",81264,"......N...............",2025-04-01 16:19:50.000,2025-04-01 17:03:06.000,2025-04-01 00:00:00.000,Y,,,,,,,,,,,,,,,,,,,,,,,
,,"bootmgr.efi.mui","\EFI\Microsoft\Boot\cs-CZ",,".mui",81392,"......N...............",2025-04-01 16:19:50.000,2025-04-01 17:03:06.000,2025-04-01 00:00:00.000,Y,,,,,,,,,,,,,,,,,,,,,,,
,,"memtest.efi.mui","\EFI\Microsoft\Boot\cs-CZ",,".mui",45576,"......N...............",2025-04-01 16:19:50.000,2019-12-07 11:09:04.000,2025-04-01 00:00:00.000,Y,,,,,,,,,,,,,,,,,,,,,,,
,,"memtest.efi.mui.{5d01ca8a-","\EFI\Microsoft\Boot\cs-CZ",,".{5d01ca8a-",45576,"......N...............",2025-04-01 16:19:50.000,2019-12-07 11:09:04.000,2025-04-01 00:00:00.000,N,,,,,,,,,,,,,,,,,,,,,,,
,,"?EMTES~1.MUI","\EFI\Microsoft\Boot\da-DK",,".MUI",45584,"......N...............",2025-04-01 16:19:50.000,2019-12-07 11:09:04.000,2025-04-01 00:00:00.000,N,,,,,,,,,,,,,,,,,,,,,,,
,,"?EMTES~1.{6B","\EFI\Microsoft\Boot\da-DK",,".{6B",45584,"......N...............",2025-04-01 16:19:50.000,2019-12-07 11:09:04.000,2025-04-01 00:00:00.000,N,,,,,,,,,,,,,,,,,,,,,,,
,,"?OOTMG~1.MUI","\EFI\Microsoft\Boot\da-DK",,".MUI",80240,"......N...............",2025-04-01 16:19:50.000,2025-04-01 17:03:06.000,2025-04-01 00:00:00.000,N,,,,,,,,,,,,,,,,,,,,,,,
,,"?OOTMG~1.{13","\EFI\Microsoft\Boot\da-DK",,".{13",79160,"......N...............",2025-04-01 16:19:50.000,2019-12-07 10:09:04.000,2025-04-01 00:00:00.000,N,,,,,,,,,,,,,,,,,,,,,,,
,,"?OOTMG~1.{4C","\EFI\Microsoft\Boot\da-DK",,".{4C",79160,"......N...............",2025-04-01 16:19:50.000,2019-12-07 10:09:04.000,2025-04-01 00:00:00.000,N,,,,,,,,,,,,,,,,,,,,,,,
,,"?OOTMG~2.MUI","\EFI\Microsoft\Boot\da-DK",,".MUI",80352,"......N...............",2025-04-01 16:19:50.000,2025-04-01 17:03:06.000,2025-04-01 00:00:00.000,N,,,,,,,,,,,,,,,,,,,,,,,
,,"bootmgfw.efi.mui","\EFI\Microsoft\Boot\da-DK",,".mui",80240,"......N...............",2025-04-01 16:19:50.000,2025-04-01 17:03:06.000,2025-04-01 00:00:00.000,Y,,,,,,,,,,,,,,,,,,,,,,,
,,"bootmgr.efi.mui","\EFI\Microsoft\Boot\da-DK",,".mui",80352,"......N...............",2025-04-01 16:19:50.000,2025-04-01 17:03:06.000,2025-04-01 00:00:00.000,Y,,,,,,,,,,,,,,,,,,,,,,,
,,"memtest.efi.mui","\EFI\Microsoft\Boot\da-DK",,".mui",45584,"......N...............",2025-04-01 16:19:50.000,2019-12-07 11:09:04.000,2025-04-01 00:00:00.000,Y,,,,,,,,,,,,,,,,,,,,,,,
,,"?EMTES~1.MUI","\EFI\Microsoft\Boot\de-DE",,".MUI",46120,"......N...............",2025-04-01 16:19:50.000,2019-12-07 11:09:04.000,2025-04-01 00:00:00.000,N,,,,,,,,,,,,,,,,,,,,,,,
,,"?EMTES~1.{18","\EFI\Microsoft\Boot\de-DE",,".{18",46120,"......N...............",2025-04-01 16:19:50.000,2019-12-07 11:09:04.000,2025-04-01 00:00:00.000,N,,,,,,,,,,,,,,,,,,,,,,,
,,"?OOTMG~1.MUI","\EFI\Microsoft\Boot\de-DE",,".MUI",84464,"......N...............",2025-04-01 16:19:50.000,2025-04-01 17:03:06.000,2025-04-01 00:00:00.000,N,,,,,,,,,,,,,,,,,,,,,,,
,,"?OOTMG~1.{6A","\EFI\Microsoft\Boot\de-DE",,".{6A",83472,"......N...............",2025-04-01 16:19:50.000,2019-12-07 10:09:04.000,2025-04-01 00:00:00.000,N,,,,,,,,,,,,,,,,,,,,,,,
,,"?OOTMG~1.{F7","\EFI\Microsoft\Boot\de-DE",,".{F7",83256,"......N...............",2025-04-01 16:19:50.000,2019-12-07 10:09:04.000,2025-04-01 00:00:00.000,N,,,,,,,,,,,,,,,,,,,,,,,
,,"?OOTMG~2.MUI","\EFI\Microsoft\Boot\de-DE",,".MUI",84464,"......N...............",2025-04-01 16:19:50.000,2025-04-01 17:03:06.000,2025-04-01 00:00:00.000,N,,,,,,,,,,,,,,,,,,,,,,,
,,"bootmgfw.efi.mui","\EFI\Microsoft\Boot\de-DE",,".mui",84464,"......N...............",2025-04-01 16:19:50.000,2025-04-01 17:03:06.000,2025-04-01 00:00:00.000,Y,,,,,,,,,,,,,,,,,,,,,,,
,,"bootmgr.efi.mui","\EFI\Microsoft\Boot\de-DE",,".mui",84464,"......N...............",2025-04-01 16:19:50.000,2025-04-01 17:03:06.000,2025-04-01 00:00:00.000,Y,,,,,,,,,,,,,,,,,,,,,,,
,,"memtest.efi.mui","\EFI\Microsoft\Boot\de-DE",,".mui",46120,"......N...............",2025-04-01 16:19:50.000,2019-12-07 11:09:04.000,2025-04-01 00:00:00.000,Y,,,,,,,,,,,,,,,,,,,,,,,
,,"?EMTES~1.MUI","\EFI\Microsoft\Boot\el-GR",,".MUI",46600,"......N...............",2025-04-01 16:19:50.000,2019-12-07 11:09:04.000,2025-04-01 00:00:00.000,N,,,,,,,,,,,,,,,,,,,,,,,
,,"?EMTES~1.{44","\EFI\Microsoft\Boot\el-GR",,".{44",46600,"......N...............",2025-04-01 16:19:50.000,2019-12-07 11:09:04.000,2025-04-01 00:00:00.000,N,,,,,,,,,,,,,,,,,,,,,,,
,,"?OOTMG~1.MUI","\EFI\Microsoft\Boot\el-GR",,".MUI",85368,"......N...............",2025-04-01 16:19:50.000,2025-04-01 17:03:06.000,2025-04-01 00:00:00.000,N,,,,,,,,,,,,,,,,,,,,,,,
,,"?OOTMG~1.{16","\EFI\Microsoft\Boot\el-GR",,".{16",84280,"......N...............",2025-04-01 16:19:50.000,2019-12-07 10:09:04.000,2025-04-01 00:00:00.000,N,,,,,,,,,,,,,,,,,,,,,,,
,,"?OOTMG~1.{6B","\EFI\Microsoft\Boot\el-GR",,".{6B",84496,"......N...............",2025-04-01 16:19:50.000,2019-12-07 10:09:04.000,2025-04-01 00:00:00.000,N,,,,,,,,,,,,,,,,,,,,,,,
,,"?OOTMG~2.MUI","\EFI\Microsoft\Boot\el-GR",,".MUI",85376,"......N...............",2025-04-01 16:19:50.000,2025-04-01 17:03:06.000,2025-04-01 00:00:00.000,N,,,,,,,,,,,,,,,,,,,,,,,
,,"bootmgfw.efi.mui","\EFI\Microsoft\Boot\el-GR",,".mui",85368,"......N...............",2025-04-01 16:19:50.000,2025-04-01 17:03:06.000,2025-04-01 00:00:00.000,Y,,,,,,,,,,,,,,,,,,,,,,,
,,"bootmgr.efi.mui","\EFI\Microsoft\Boot\el-GR",,".mui",85376,"......N...............",2025-04-01 16:19:50.000,2025-04-01 17:03:06.000,2025-04-01 00:00:00.000,Y,,,,,,,,,,,,,,,,,,,,,,,
,,"memtest.efi.mui","\EFI\Microsoft\Boot\el-GR",,".mui",46600,"......N...............",2025-04-01 16:19:50.000,2019-12-07 11:09:04.000,2025-04-01 00:00:00.000,Y,,,,,,,,,,,,,,,,,,,,,,,
,,"?OOTMG~1.MUI","\EFI\Microsoft\Boot\en-GB",,".MUI",78320,"......N...............",2025-04-01 16:19:50.000,2025-04-01 17:03:06.000,2025-04-01 00:00:00.000,N,,,,,,,,,,,,,,,,,,,,,,,
,,"?OOTMG~1.{10","\EFI\Microsoft\Boot\en-GB",,".{10",77112,"......N...............",2025-04-01 16:19:50.000,2022-09-08 04:06:48.000,2025-04-01 00:00:00.000,N,,,,,,,,,,,,,,,,,,,,,,,
,,"?OOTMG~1.{71","\EFI\Microsoft\Boot\en-GB",,".{71",77112,"......N...............",2025-04-01 16:19:50.000,2022-09-08 04:06:48.000,2025-04-01 00:00:00.000,N,,,,,,,,,,,,,,,,,,,,,,,
,,"?OOTMG~1.{7E","\EFI\Microsoft\Boot\en-GB",,".{7E",78320,"......N...............",2025-04-01 16:19:50.000,2025-04-01 17:03:06.000,2025-04-01 00:00:00.000,N,,,,,,,,,,,,,,,,,,,,,,,
,,"?OOTMG~1.{B0","\EFI\Microsoft\Boot\en-GB",,".{B0",78304,"......N...............",2025-04-01 16:19:50.000,2025-04-01 17:03:06.000,2025-04-01 00:00:00.000,N,,,,,,,,,,,,,,,,,,,,,,,
,,"?OOTMG~2.MUI","\EFI\Microsoft\Boot\en-GB",,".MUI",78304,"......N...............",2025-04-01 16:19:50.000,2025-04-01 17:03:06.000,2025-04-01 00:00:00.000,N,,,,,,,,,,,,,,,,,,,,,,,
,,"bootmgfw.efi.mui","\EFI\Microsoft\Boot\en-GB",,".mui",78320,"......N...............",2025-04-01 16:19:50.000,2025-04-01 17:03:06.000,2025-04-01 00:00:00.000,Y,,,,,,,,,,,,,,,,,,,,,,,
,,"bootmgr.efi.mui","\EFI\Microsoft\Boot\en-GB",,".mui",78304,"......N...............",2025-04-01 16:19:50.000,2025-04-01 17:03:06.000,2025-04-01 00:00:00.000,Y,,,,,,,,,,,,,,,,,,,,,,,
,,"?EMTES~1.MUI","\EFI\Microsoft\Boot\en-US",,".MUI",45072,"......N...............",2025-04-01 16:19:50.000,2019-12-07 11:09:04.000,2025-04-01 00:00:00.000,N,,,,,,,,,,,,,,,,,,,,,,,
,,"?EMTES~1.{48","\EFI\Microsoft\Boot\en-US",,".{48",45072,"......N...............",2025-04-01 16:19:50.000,2019-12-07 11:09:04.000,2025-04-01 00:00:00.000,N,,,,,,,,,,,,,,,,,,,,,,,
,,"?OOTMG~1.MUI","\EFI\Microsoft\Boot\en-US",,".MUI",78320,"......N...............",2025-04-01 16:19:50.000,2025-04-01 17:03:06.000,2025-04-01 00:00:00.000,N,,,,,,,,,,,,,,,,,,,,,,,
,,"?OOTMG~1.{00","\EFI\Microsoft\Boot\en-US",,".{00",77112,"......N...............",2025-04-01 16:19:50.000,2019-12-07 10:09:04.000,2025-04-01 00:00:00.000,N,,,,,,,,,,,,,,,,,,,,,,,
,,"?OOTMG~1.{13","\EFI\Microsoft\Boot\en-US",,".{13",77112,"......N...............",2025-04-01 16:19:50.000,2019-12-07 10:09:04.000,2025-04-01 00:00:00.000,N,,,,,,,,,,,,,,,,,,,,,,,
,,"?OOTMG~2.MUI","\EFI\Microsoft\Boot\en-US",,".MUI",78192,"......N...............",2025-04-01 16:19:50.000,2025-04-01 17:03:06.000,2025-04-01 00:00:00.000,N,,,,,,,,,,,,,,,,,,,,,,,
,,"bootmgfw.efi.mui","\EFI\Microsoft\Boot\en-US",,".mui",78320,"......N...............",2025-04-01 16:19:50.000,2025-04-01 17:03:06.000,2025-04-01 00:00:00.000,Y,,,,,,,,,,,,,,,,,,,,,,,
,,"bootmgr.efi.mui","\EFI\Microsoft\Boot\en-US",,".mui",78192,"......N...............",2025-04-01 16:19:50.000,2025-04-01 17:03:06.000,2025-04-01 00:00:00.000,Y,,,,,,,,,,,,,,,,,,,,,,,
,,"memtest.efi.mui","\EFI\Microsoft\Boot\en-US",,".mui",45072,"......N...............",2025-04-01 16:19:50.000,2019-12-07 11:09:04.000,2025-04-01 00:00:00.000,Y,,,,,,,,,,,,,,,,,,,,,,,
,,"?EMTES~1.MUI","\EFI\Microsoft\Boot\es-ES",,".MUI",45880,"......N...............",2025-04-01 16:19:50.000,2019-12-07 11:09:04.000,2025-04-01 00:00:00.000,N,,,,,,,,,,,,,,,,,,,,,,,
,,"?EMTES~1.{AE","\EFI\Microsoft\Boot\es-ES",,".{AE",45880,"......N...............",2025-04-01 16:19:50.000,2019-12-07 11:09:04.000,2025-04-01 00:00:00.000,N,,,,,,,,,,,,,,,,,,,,,,,
,,"?OOTMG~1.MUI","\EFI\Microsoft\Boot\es-ES",,".MUI",82400,"......N...............",2025-04-01 16:19:50.000,2025-04-01 17:03:06.000,2025-04-01 00:00:00.000,N,,,,,,,,,,,,,,,,,,,,,,,
,,"?OOTMG~1.{4F","\EFI\Microsoft\Boot\es-ES",,".{4F",81424,"......N...............",2025-04-01 16:19:50.000,2019-12-07 10:09:04.000,2025-04-01 00:00:00.000,N,,,,,,,,,,,,,,,,,,,,,,,
,,"?OOTMG~1.{FB","\EFI\Microsoft\Boot\es-ES",,".{FB",81208,"......N...............",2025-04-01 16:19:50.000,2019-12-07 10:09:04.000,2025-04-01 00:00:00.000,N,,,,,,,,,,,,,,,,,,,,,,,
,,"?OOTMG~2.MUI","\EFI\Microsoft\Boot\es-ES",,".MUI",82304,"......N...............",2025-04-01 16:19:50.000,2025-04-01 17:03:06.000,2025-04-01 00:00:00.000,N,,,,,,,,,,,,,,,,,,,,,,,
,,"bootmgfw.efi.mui","\EFI\Microsoft\Boot\es-ES",,".mui",82400,"......N...............",2025-04-01 16:19:50.000,2025-04-01 17:03:06.000,2025-04-01 00:00:00.000,Y,,,,,,,,,,,,,,,,,,,,,,,
,,"bootmgr.efi.mui","\EFI\Microsoft\Boot\es-ES",,".mui",82304,"......N...............",2025-04-01 16:19:50.000,2025-04-01 17:03:06.000,2025-04-01 00:00:00.000,Y,,,,,,,,,,,,,,,,,,,,,,,
,,"memtest.efi.mui","\EFI\Microsoft\Boot\es-ES",,".mui",45880,"......N...............",2025-04-01 16:19:50.000,2019-12-07 11:09:04.000,2025-04-01 00:00:00.000,Y,,,,,,,,,,,,,,,,,,,,,,,
,,"?OOTMG~1.MUI","\EFI\Microsoft\Boot\es-MX",,".MUI",82296,"......N...............",2025-04-01 16:19:50.000,2025-04-01 17:03:06.000,2025-04-01 00:00:00.000,N,,,,,,,,,,,,,,,,,,,,,,,
,,"?OOTMG~1.{14","\EFI\Microsoft\Boot\es-MX",,".{14",82296,"......N...............",2025-04-01 16:19:50.000,2025-04-01 17:03:06.000,2025-04-01 00:00:00.000,N,,,,,,,,,,,,,,,,,,,,,,,
,,"?OOTMG~1.{92","\EFI\Microsoft\Boot\es-MX",,".{92",81424,"......N...............",2025-04-01 16:19:50.000,2019-12-07 10:09:04.000,2025-04-01 00:00:00.000,N,,,,,,,,,,,,,,,,,,,,,,,
,,"?OOTMG~1.{B1","\EFI\Microsoft\Boot\es-MX",,".{B1",81208,"......N...............",2025-04-01 16:19:50.000,2019-12-07 10:09:04.000,2025-04-01 00:00:00.000,N,,,,,,,,,,,,,,,,,,,,,,,
,,"?OOTMG~1.{C6","\EFI\Microsoft\Boot\es-MX",,".{C6",82304,"......N...............",2025-04-01 16:19:50.000,2025-04-01 17:03:06.000,2025-04-01 00:00:00.000,N,,,,,,,,,,,,,,,,,,,,,,,
,,"?OOTMG~2.MUI","\EFI\Microsoft\Boot\es-MX",,".MUI",82304,"......N...............",2025-04-01 16:19:50.000,2025-04-01 17:03:06.000,2025-04-01 00:00:00.000,N,,,,,,,,,,,,,,,,,,,,,,,
,,"bootmgfw.efi.mui","\EFI\Microsoft\Boot\es-MX",,".mui",82296,"......N...............",2025-04-01 16:19:50.000,2025-04-01 17:03:06.000,2025-04-01 00:00:00.000,Y,,,,,,,,,,,,,,,,,,,,,,,
,,"bootmgr.efi.mui","\EFI\Microsoft\Boot\es-MX",,".mui",82304,"......N...............",2025-04-01 16:19:50.000,2025-04-01 17:03:06.000,2025-04-01 00:00:00.000,Y,,,,,,,,,,,,,,,,,,,,,,,
,,"?OOTMG~1.MUI","\EFI\Microsoft\Boot\et-EE",,".MUI",79232,"......N...............",2025-04-01 16:19:50.000,2025-04-01 17:03:06.000,2025-04-01 00:00:00.000,N,,,,,,,,,,,,,,,,,,,,,,,
,,"?OOTMG~1.{01","\EFI\Microsoft\Boot\et-EE",,".{01",78136,"......N...............",2025-04-01 16:19:50.000,2019-12-07 10:09:04.000,2025-04-01 00:00:00.000,N,,,,,,,,,,,,,,,,,,,,,,,
,,"?OOTMG~1.{2A","\EFI\Microsoft\Boot\et-EE",,".{2A",79232,"......N...............",2025-04-01 16:19:50.000,2025-04-01 17:03:06.000,2025-04-01 00:00:00.000,N,,,,,,,,,,,,,,,,,,,,,,,
,,"?OOTMG~1.{CD","\EFI\Microsoft\Boot\et-EE",,".{CD",79328,"......N...............",2025-04-01 16:19:50.000,2025-04-01 17:03:06.000,2025-04-01 00:00:00.000,N,,,,,,,,,,,,,,,,,,,,,,,
,,"?OOTMG~1.{DF","\EFI\Microsoft\Boot\et-EE",,".{DF",78136,"......N...............",2025-04-01 16:19:50.000,2019-12-07 10:09:04.000,2025-04-01 00:00:00.000,N,,,,,,,,,,,,,,,,,,,,,,,
,,"?OOTMG~2.MUI","\EFI\Microsoft\Boot\et-EE",,".MUI",79328,"......N...............",2025-04-01 16:19:50.000,2025-04-01 17:03:06.000,2025-04-01 00:00:00.000,N,,,,,,,,,,,,,,,,,,,,,,,
,,"bootmgfw.efi.mui","\EFI\Microsoft\Boot\et-EE",,".mui",79232,"......N...............",2025-04-01 16:19:50.000,2025-04-01 17:03:06.000,2025-04-01 00:00:00.000,Y,,,,,,,,,,,,,,,,,,,,,,,
,,"bootmgr.efi.mui","\EFI\Microsoft\Boot\et-EE",,".mui",79328,"......N...............",2025-04-01 16:19:50.000,2025-04-01 17:03:06.000,2025-04-01 00:00:00.000,Y,,,,,,,,,,,,,,,,,,,,,,,
,,"?EMTES~1.MUI","\EFI\Microsoft\Boot\fi-FI",,".MUI",45584,"......N...............",2025-04-01 16:19:50.000,2019-12-07 11:09:04.000,2025-04-01 00:00:00.000,N,,,,,,,,,,,,,,,,,,,,,,,
,,"?EMTES~1.{D9","\EFI\Microsoft\Boot\fi-FI",,".{D9",45584,"......N...............",2025-04-01 16:19:50.000,2019-12-07 11:09:04.000,2025-04-01 00:00:00.000,N,,,,,,,,,,,,,,,,,,,,,,,
,,"?OOTMG~1.MUI","\EFI\Microsoft\Boot\fi-FI",,".MUI",81280,"......N...............",2025-04-01 16:19:50.000,2025-04-01 17:03:06.000,2025-04-01 00:00:00.000,N,,,,,,,,,,,,,,,,,,,,,,,
,,"?OOTMG~1.{31","\EFI\Microsoft\Boot\fi-FI",,".{31",80424,"......N...............",2025-04-01 16:19:50.000,2019-12-07 10:09:04.000,2025-04-01 00:00:00.000,N,,,,,,,,,,,,,,,,,,,,,,,
,,"?OOTMG~1.{63","\EFI\Microsoft\Boot\fi-FI",,".{63",80184,"......N...............",2025-04-01 16:19:50.000,2019-12-07 10:09:04.000,2025-04-01 00:00:00.000,N,,,,,,,,,,,,,,,,,,,,,,,
,,"bootmgfw.efi.mui","\EFI\Microsoft\Boot\fi-FI",,".mui",81280,"......N...............",2025-04-01 16:19:50.000,2025-04-01 17:03:06.000,2025-04-01 00:00:00.000,Y,,,,,,,,,,,,,,,,,,,,,,,
,,"bootmgr.efi.mui","\EFI\Microsoft\Boot\fi-FI",,".mui",81280,"......N...............",2025-04-01 16:19:50.000,2025-04-01 17:03:06.000,2025-04-01 00:00:00.000,Y,,,,,,,,,,,,,,,,,,,,,,,
,,"memtest.efi.mui","\EFI\Microsoft\Boot\fi-FI",,".mui",45584,"......N...............",2025-04-01 16:19:50.000,2019-12-07 11:09:04.000,2025-04-01 00:00:00.000,Y,,,,,,,,,,,,,,,,,,,,,,,
,,"memtest.efi.mui.{d932bfa0-","\EFI\Microsoft\Boot\fi-FI",,".{d932bfa0-",81280,"......N...............",2025-04-01 16:19:50.000,2025-04-01 17:03:06.000,2025-04-01 00:00:00.000,N,,,,,,,,,,,,,,,,,,,,,,,
,,"CHS_BOOT.TTF","\EFI\Microsoft\Boot\Fonts",,".TTF",3695830,"......N...............",2025-04-01 16:19:50.000,2019-12-07 10:09:38.000,2025-04-01 00:00:00.000,Y,,,,,,,,,,,,,,,,,,,,,,,
,,"CHT_BOOT.TTF","\EFI\Microsoft\Boot\Fonts",,".TTF",3878309,"......N...............",2025-04-01 16:19:50.000,2019-12-07 10:09:38.000,2025-04-01 00:00:00.000,Y,,,,,,,,,,,,,,,,,,,,,,,
,,"JPN_BOOT.TTF","\EFI\Microsoft\Boot\Fonts",,".TTF",1985767,"......N...............",2025-04-01 16:19:50.000,2019-12-07 10:09:38.000,2025-04-01 00:00:00.000,Y,,,,,,,,,,,,,,,,,,,,,,,
,,"KOR_BOOT.TTF","\EFI\Microsoft\Boot\Fonts",,".TTF",2372900,"......N...............",2025-04-01 16:19:50.000,2019-12-07 10:09:38.000,2025-04-01 00:00:00.000,Y,,,,,,,,,,,,,,,,,,,,,,,
,,"malgunn_boot.ttf","\EFI\Microsoft\Boot\Fonts",,".ttf",175429,"......N...............",2025-04-01 16:19:50.000,2019-12-07 10:09:38.000,2025-04-01 00:00:00.000,Y,,,,,,,,,,,,,,,,,,,,,,,
,,"malgun_boot.ttf","\EFI\Microsoft\Boot\Fonts",,".ttf",177888,"......N...............",2025-04-01 16:19:50.000,2019-12-07 10:09:38.000,2025-04-01 00:00:00.000,Y,,,,,,,,,,,,,,,,,,,,,,,
,,"meiryon_boot.ttf","\EFI\Microsoft\Boot\Fonts",,".ttf",144017,"......N...............",2025-04-01 16:19:50.000,2019-12-07 10:09:38.000,2025-04-01 00:00:00.000,Y,,,,,,,,,,,,,,,,,,,,,,,
,,"meiryo_boot.ttf","\EFI\Microsoft\Boot\Fonts",,".ttf",145684,"......N...............",2025-04-01 16:19:50.000,2019-12-07 10:09:38.000,2025-04-01 00:00:00.000,Y,,,,,,,,,,,,,,,,,,,,,,,
,,"msjhn_boot.ttf","\EFI\Microsoft\Boot\Fonts",,".ttf",163496,"......N...............",2025-04-01 16:19:50.000,2019-12-07 10:09:38.000,2025-04-01 00:00:00.000,Y,,,,,,,,,,,,,,,,,,,,,,,
,,"msjh_boot.ttf","\EFI\Microsoft\Boot\Fonts",,".ttf",165524,"......N...............",2025-04-01 16:19:50.000,2019-12-07 10:09:38.000,2025-04-01 00:00:00.000,Y,,,,,,,,,,,,,,,,,,,,,,,
,,"msyhn_boot.ttf","\EFI\Microsoft\Boot\Fonts",,".ttf",155438,"......N...............",2025-04-01 16:19:50.000,2019-12-07 10:09:38.000,2025-04-01 00:00:00.000,Y,,,,,,,,,,,,,,,,,,,,,,,
,,"msyh_boot.ttf","\EFI\Microsoft\Boot\Fonts",,".ttf",157064,"......N...............",2025-04-01 16:19:50.000,2019-12-07 10:09:38.000,2025-04-01 00:00:00.000,Y,,,,,,,,,,,,,,,,,,,,,,,
,,"segmono_boot.ttf","\EFI\Microsoft\Boot\Fonts",,".ttf",44760,"......N...............",2025-04-01 16:19:50.000,2019-12-07 10:08:50.000,2025-04-01 00:00:00.000,Y,,,,,,,,,,,,,,,,,,,,,,,
,,"segoen_slboot.ttf","\EFI\Microsoft\Boot\Fonts",,".ttf",85764,"......N...............",2025-04-01 16:19:50.000,2019-12-07 10:08:50.000,2025-04-01 00:00:00.000,Y,,,,,,,,,,,,,,,,,,,,,,,
,,"segoe_slboot.ttf","\EFI\Microsoft\Boot\Fonts",,".ttf",86077,"......N...............",2025-04-01 16:19:50.000,2019-12-07 10:08:50.000,2025-04-01 00:00:00.000,Y,,,,,,,,,,,,,,,,,,,,,,,
,,"wgl4_boot.ttf","\EFI\Microsoft\Boot\Fonts",,".ttf",48992,"......N...............",2025-04-01 16:19:50.000,2019-12-07 10:08:50.000,2025-04-01 00:00:00.000,Y,,,,,,,,,,,,,,,,,,,,,,,
,,"?OOTMG~1.MUI","\EFI\Microsoft\Boot\fr-CA",,".MUI",83840,"......N...............",2025-04-01 16:19:50.000,2025-04-01 17:03:04.000,2025-04-01 00:00:00.000,N,,,,,,,,,,,,,,,,,,,,,,,
,,"?OOTMG~1.{82","\EFI\Microsoft\Boot\fr-CA",,".{82",83840,"......N...............",2025-04-01 16:19:50.000,2025-04-01 17:03:04.000,2025-04-01 00:00:00.000,N,,,,,,,,,,,,,,,,,,,,,,,
,,"?OOTMG~1.{8C","\EFI\Microsoft\Boot\fr-CA",,".{8C",82960,"......N...............",2025-04-01 16:19:50.000,2019-12-07 10:09:04.000,2025-04-01 00:00:00.000,N,,,,,,,,,,,,,,,,,,,,,,,
,,"?OOTMG~1.{AD","\EFI\Microsoft\Boot\fr-CA",,".{AD",82744,"......N...............",2025-04-01 16:19:50.000,2019-12-07 10:09:04.000,2025-04-01 00:00:00.000,N,,,,,,,,,,,,,,,,,,,,,,,
,,"?OOTMG~1.{D2","\EFI\Microsoft\Boot\fr-CA",,".{D2",83952,"......N...............",2025-04-01 16:19:50.000,2025-04-01 17:03:06.000,2025-04-01 00:00:00.000,N,,,,,,,,,,,,,,,,,,,,,,,
,,"?OOTMG~2.MUI","\EFI\Microsoft\Boot\fr-CA",,".MUI",83952,"......N...............",2025-04-01 16:19:50.000,2025-04-01 17:03:06.000,2025-04-01 00:00:00.000,N,,,,,,,,,,,,,,,,,,,,,,,
,,"bootmgfw.efi.mui","\EFI\Microsoft\Boot\fr-CA",,".mui",83840,"......N...............",2025-04-01 16:19:50.000,2025-04-01 17:03:04.000,2025-04-01 00:00:00.000,Y,,,,,,,,,,,,,,,,,,,,,,,
,,"bootmgr.efi.mui","\EFI\Microsoft\Boot\fr-CA",,".mui",83952,"......N...............",2025-04-01 16:19:50.000,2025-04-01 17:03:06.000,2025-04-01 00:00:00.000,Y,,,,,,,,,,,,,,,,,,,,,,,
,,"?EMTES~1.MUI","\EFI\Microsoft\Boot\fr-FR",,".MUI",46096,"......N...............",2025-04-01 16:19:50.000,2019-12-07 11:09:04.000,2025-04-01 00:00:00.000,N,,,,,,,,,,,,,,,,,,,,,,,
,,"?EMTES~1.{2C","\EFI\Microsoft\Boot\fr-FR",,".{2C",46096,"......N...............",2025-04-01 16:19:50.000,2019-12-07 11:09:04.000,2025-04-01 00:00:00.000,N,,,,,,,,,,,,,,,,,,,,,,,
,,"?OOTMG~1.MUI","\EFI\Microsoft\Boot\fr-FR",,".MUI",84352,"......N...............",2025-04-01 16:19:50.000,2025-04-01 17:03:04.000,2025-04-01 00:00:00.000,N,,,,,,,,,,,,,,,,,,,,,,,
,,"?OOTMG~1.{6B","\EFI\Microsoft\Boot\fr-FR",,".{6B",83472,"......N...............",2025-04-01 16:19:50.000,2019-12-07 10:09:04.000,2025-04-01 00:00:00.000,N,,,,,,,,,,,,,,,,,,,,,,,
,,"?OOTMG~1.{C3","\EFI\Microsoft\Boot\fr-FR",,".{C3",83256,"......N...............",2025-04-01 16:19:50.000,2019-12-07 10:09:04.000,2025-04-01 00:00:00.000,N,,,,,,,,,,,,,,,,,,,,,,,
,,"?OOTMG~2.MUI","\EFI\Microsoft\Boot\fr-FR",,".MUI",84464,"......N...............",2025-04-01 16:19:50.000,2025-04-01 17:03:04.000,2025-04-01 00:00:00.000,N,,,,,,,,,,,,,,,,,,,,,,,
,,"bootmgfw.efi.mui","\EFI\Microsoft\Boot\fr-FR",,".mui",84352,"......N...............",2025-04-01 16:19:50.000,2025-04-01 17:03:04.000,2025-04-01 00:00:00.000,Y,,,,,,,,,,,,,,,,,,,,,,,
,,"bootmgr.efi.mui","\EFI\Microsoft\Boot\fr-FR",,".mui",84464,"......N...............",2025-04-01 16:19:50.000,2025-04-01 17:03:04.000,2025-04-01 00:00:00.000,Y,,,,,,,,,,,,,,,,,,,,,,,
,,"memtest.efi.mui","\EFI\Microsoft\Boot\fr-FR",,".mui",46096,"......N...............",2025-04-01 16:19:50.000,2019-12-07 11:09:04.000,2025-04-01 00:00:00.000,Y,,,,,,,,,,,,,,,,,,,,,,,
,,"?OOTMG~1.MUI","\EFI\Microsoft\Boot\hr-HR",,".MUI",81272,"......N...............",2025-04-01 16:19:50.000,2025-04-01 17:03:04.000,2025-04-01 00:00:00.000,N,,,,,,,,,,,,,,,,,,,,,,,
,,"?OOTMG~1.{43","\EFI\Microsoft\Boot\hr-HR",,".{43",80184,"......N...............",2025-04-01 16:19:50.000,2019-12-07 10:09:04.000,2025-04-01 00:00:00.000,N,,,,,,,,,,,,,,,,,,,,,,,
,,"?OOTMG~1.{5A","\EFI\Microsoft\Boot\hr-HR",,".{5A",80400,"......N...............",2025-04-01 16:19:50.000,2019-12-07 10:09:04.000,2025-04-01 00:00:00.000,N,,,,,,,,,,,,,,,,,,,,,,,
,,"?OOTMG~1.{67","\EFI\Microsoft\Boot\hr-HR",,".{67",81272,"......N...............",2025-04-01 16:19:50.000,2025-04-01 17:03:04.000,2025-04-01 00:00:00.000,N,,,,,,,,,,,,,,,,,,,,,,,
,,"?OOTMG~1.{87","\EFI\Microsoft\Boot\hr-HR",,".{87",81280,"......N...............",2025-04-01 16:19:50.000,2025-04-01 17:03:04.000,2025-04-01 00:00:00.000,N,,,,,,,,,,,,,,,,,,,,,,,
,,"?OOTMG~2.MUI","\EFI\Microsoft\Boot\hr-HR",,".MUI",81280,"......N...............",2025-04-01 16:19:50.000,2025-04-01 17:03:04.000,2025-04-01 00:00:00.000,N,,,,,,,,,,,,,,,,,,,,,,,
,,"bootmgfw.efi.mui","\EFI\Microsoft\Boot\hr-HR",,".mui",81272,"......N...............",2025-04-01 16:19:50.000,2025-04-01 17:03:04.000,2025-04-01 00:00:00.000,Y,,,,,,,,,,,,,,,,,,,,,,,
,,"bootmgr.efi.mui","\EFI\Microsoft\Boot\hr-HR",,".mui",81280,"......N...............",2025-04-01 16:19:50.000,2025-04-01 17:03:04.000,2025-04-01 00:00:00.000,Y,,,,,,,,,,,,,,,,,,,,,,,
,,"?EMTES~1.MUI","\EFI\Microsoft\Boot\hu-HU",,".MUI",46096,"......N...............",2025-04-01 16:19:50.000,2019-12-07 11:09:04.000,2025-04-01 00:00:00.000,N,,,,,,,,,,,,,,,,,,,,,,,
,,"?EMTES~1.{49","\EFI\Microsoft\Boot\hu-HU",,".{49",46096,"......N...............",2025-04-01 16:19:50.000,2019-12-07 11:09:04.000,2025-04-01 00:00:00.000,N,,,,,,,,,,,,,,,,,,,,,,,
,,"?OOTMG~1.MUI","\EFI\Microsoft\Boot\hu-HU",,".MUI",84464,"......N...............",2025-04-01 16:19:50.000,2025-04-01 17:03:04.000,2025-04-01 00:00:00.000,N,,,,,,,,,,,,,,,,,,,,,,,
,,"?OOTMG~1.{02","\EFI\Microsoft\Boot\hu-HU",,".{02",83256,"......N...............",2025-04-01 16:19:50.000,2019-12-07 10:09:02.000,2025-04-01 00:00:00.000,N,,,,,,,,,,,,,,,,,,,,,,,
,,"?OOTMG~1.{DB","\EFI\Microsoft\Boot\hu-HU",,".{DB",83472,"......N...............",2025-04-01 16:19:50.000,2019-12-07 10:09:04.000,2025-04-01 00:00:00.000,N,,,,,,,,,,,,,,,,,,,,,,,
,,"?OOTMG~2.MUI","\EFI\Microsoft\Boot\hu-HU",,".MUI",84448,"......N...............",2025-04-01 16:19:50.000,2025-04-01 17:03:04.000,2025-04-01 00:00:00.000,N,,,,,,,,,,,,,,,,,,,,,,,
,,"bootmgfw.efi.mui","\EFI\Microsoft\Boot\hu-HU",,".mui",84464,"......N...............",2025-04-01 16:19:50.000,2025-04-01 17:03:04.000,2025-04-01 00:00:00.000,Y,,,,,,,,,,,,,,,,,,,,,,,
,,"bootmgr.efi.mui","\EFI\Microsoft\Boot\hu-HU",,".mui",84448,"......N...............",2025-04-01 16:19:50.000,2025-04-01 17:03:04.000,2025-04-01 00:00:00.000,Y,,,,,,,,,,,,,,,,,,,,,,,
,,"memtest.efi.mui","\EFI\Microsoft\Boot\hu-HU",,".mui",46096,"......N...............",2025-04-01 16:19:50.000,2019-12-07 11:09:04.000,2025-04-01 00:00:00.000,Y,,,,,,,,,,,,,,,,,,,,,,,
,,"?EMTES~1.MUI","\EFI\Microsoft\Boot\it-IT",,".MUI",45584,"......N...............",2025-04-01 16:19:50.000,2019-12-07 11:09:04.000,2025-04-01 00:00:00.000,N,,,,,,,,,,,,,,,,,,,,,,,
,,"?EMTES~1.{FF","\EFI\Microsoft\Boot\it-IT",,".{FF",45584,"......N...............",2025-04-01 16:19:50.000,2019-12-07 11:09:04.000,2025-04-01 00:00:00.000,N,,,,,,,,,,,,,,,,,,,,,,,
,,"?OOTMG~1.MUI","\EFI\Microsoft\Boot\it-IT",,".MUI",81800,"......N...............",2025-04-01 16:19:50.000,2025-04-01 17:03:04.000,2025-04-01 00:00:00.000,N,,,,,,,,,,,,,,,,,,,,,,,
,,"?OOTMG~1.{23","\EFI\Microsoft\Boot\it-IT",,".{23",80696,"......N...............",2025-04-01 16:19:50.000,2019-12-07 10:09:02.000,2025-04-01 00:00:00.000,N,,,,,,,,,,,,,,,,,,,,,,,
,,"?OOTMG~1.{42","\EFI\Microsoft\Boot\it-IT",,".{42",80936,"......N...............",2025-04-01 16:19:50.000,2019-12-07 10:09:02.000,2025-04-01 00:00:00.000,N,,,,,,,,,,,,,,,,,,,,,,,
,,"?OOTMG~2.MUI","\EFI\Microsoft\Boot\it-IT",,".MUI",81888,"......N...............",2025-04-01 16:19:50.000,2025-04-01 17:03:04.000,2025-04-01 00:00:00.000,N,,,,,,,,,,,,,,,,,,,,,,,
,,"bootmgfw.efi.mui","\EFI\Microsoft\Boot\it-IT",,".mui",81800,"......N...............",2025-04-01 16:19:50.000,2025-04-01 17:03:04.000,2025-04-01 00:00:00.000,Y,,,,,,,,,,,,,,,,,,,,,,,
,,"bootmgr.efi.mui","\EFI\Microsoft\Boot\it-IT",,".mui",81888,"......N...............",2025-04-01 16:19:50.000,2025-04-01 17:03:04.000,2025-04-01 00:00:00.000,Y,,,,,,,,,,,,,,,,,,,,,,,
,,"memtest.efi.mui","\EFI\Microsoft\Boot\it-IT",,".mui",45584,"......N...............",2025-04-01 16:19:50.000,2019-12-07 11:09:04.000,2025-04-01 00:00:00.000,Y,,,,,,,,,,,,,,,,,,,,,,,
,,"?EMTES~1.MUI","\EFI\Microsoft\Boot\ja-JP",,".MUI",43016,"......N...............",2025-04-01 16:19:50.000,2019-12-07 11:09:04.000,2025-04-01 00:00:00.000,N,,,,,,,,,,,,,,,,,,,,,,,
,,"?EMTES~1.{E6","\EFI\Microsoft\Boot\ja-JP",,".{E6",43016,"......N...............",2025-04-01 16:19:50.000,2019-12-07 11:09:04.000,2025-04-01 00:00:00.000,N,,,,,,,,,,,,,,,,,,,,,,,
,,"?OOTMG~1.MUI","\EFI\Microsoft\Boot\ja-JP",,".MUI",70512,"......N...............",2025-04-01 16:19:50.000,2025-04-01 17:03:04.000,2025-04-01 00:00:00.000,N,,,,,,,,,,,,,,,,,,,,,,,
,,"?OOTMG~1.{5E","\EFI\Microsoft\Boot\ja-JP",,".{5E",69664,"......N...............",2025-04-01 16:19:50.000,2019-12-07 10:09:02.000,2025-04-01 00:00:00.000,N,,,,,,,,,,,,,,,,,,,,,,,
,,"?OOTMG~1.{6D","\EFI\Microsoft\Boot\ja-JP",,".{6D",69432,"......N...............",2025-04-01 16:19:50.000,2019-12-07 10:09:02.000,2025-04-01 00:00:00.000,N,,,,,,,,,,,,,,,,,,,,,,,
,,"?OOTMG~2.MUI","\EFI\Microsoft\Boot\ja-JP",,".MUI",70536,"......N...............",2025-04-01 16:19:50.000,2025-04-01 17:03:04.000,2025-04-01 00:00:00.000,N,,,,,,,,,,,,,,,,,,,,,,,
,,"bootmgfw.efi.mui","\EFI\Microsoft\Boot\ja-JP",,".mui",70512,"......N...............",2025-04-01 16:19:50.000,2025-04-01 17:03:04.000,2025-04-01 00:00:00.000,Y,,,,,,,,,,,,,,,,,,,,,,,
,,"bootmgr.efi.mui","\EFI\Microsoft\Boot\ja-JP",,".mui",70536,"......N...............",2025-04-01 16:19:50.000,2025-04-01 17:03:04.000,2025-04-01 00:00:00.000,Y,,,,,,,,,,,,,,,,,,,,,,,
,,"memtest.efi.mui","\EFI\Microsoft\Boot\ja-JP",,".mui",43016,"......N...............",2025-04-01 16:19:50.000,2019-12-07 11:09:04.000,2025-04-01 00:00:00.000,Y,,,,,,,,,,,,,,,,,,,,,,,
,,"?EMTES~1.MUI","\EFI\Microsoft\Boot\ko-KR",,".MUI",43024,"......N...............",2025-04-01 16:19:50.000,2019-12-07 11:09:04.000,2025-04-01 00:00:00.000,N,,,,,,,,,,,,,,,,,,,,,,,
,,"?EMTES~1.{E6","\EFI\Microsoft\Boot\ko-KR",,".{E6",43024,"......N...............",2025-04-01 16:19:50.000,2019-12-07 11:09:04.000,2025-04-01 00:00:00.000,N,,,,,,,,,,,,,,,,,,,,,,,
,,"?OOTMG~1.{7E","\EFI\Microsoft\Boot\ko-KR",,".{7E",68920,"......N...............",2025-04-01 16:19:50.000,2019-12-07 10:09:02.000,2025-04-01 00:00:00.000,N,,,,,,,,,,,,,,,,,,,,,,,
,,"?OOTMG~1.{E7","\EFI\Microsoft\Boot\ko-KR",,".{E7",69136,"......N...............",2025-04-01 16:19:50.000,2019-12-07 10:09:02.000,2025-04-01 00:00:00.000,N,,,,,,,,,,,,,,,,,,,,,,,
,,"?OOTMG~2.MUI","\EFI\Microsoft\Boot\ko-KR",,".MUI",70000,"......N...............",2025-04-01 16:19:50.000,2025-04-01 17:03:04.000,2025-04-01 00:00:00.000,N,,,,,,,,,,,,,,,,,,,,,,,
,,"bootmgfw.efi.mui","\EFI\Microsoft\Boot\ko-KR",,".mui",70008,"......N...............",2025-04-01 16:19:50.000,2025-04-01 17:03:04.000,2025-04-01 00:00:00.000,Y,,,,,,,,,,,,,,,,,,,,,,,
,,"bootmgr.efi.mui","\EFI\Microsoft\Boot\ko-KR",,".mui",70000,"......N...............",2025-04-01 16:19:50.000,2025-04-01 17:03:04.000,2025-04-01 00:00:00.000,Y,,,,,,,,,,,,,,,,,,,,,,,
,,"memtest.efi.mui","\EFI\Microsoft\Boot\ko-KR",,".mui",43024,"......N...............",2025-04-01 16:19:50.000,2019-12-07 11:09:04.000,2025-04-01 00:00:00.000,Y,,,,,,,,,,,,,,,,,,,,,,,
,,"bootmgfw.efi.mui.{7e6aa9fd","\EFI\Microsoft\Boot\ko-KR",,".{7e6aa9fd",70008,"......N...............",2025-04-01 16:19:50.000,2025-04-01 17:03:04.000,2025-04-01 00:00:00.000,N,,,,,,,,,,,,,,,,,,,,,,,
,,"?OOTMG~1.MUI","\EFI\Microsoft\Boot\lt-LT",,".MUI",80256,"......N...............",2025-04-01 16:19:50.000,2025-04-01 17:03:04.000,2025-04-01 00:00:00.000,N,,,,,,,,,,,,,,,,,,,,,,,
,,"?OOTMG~1.{3F","\EFI\Microsoft\Boot\lt-LT",,".{3F",79160,"......N...............",2025-04-01 16:19:50.000,2019-12-07 10:09:02.000,2025-04-01 00:00:00.000,N,,,,,,,,,,,,,,,,,,,,,,,
,,"?OOTMG~1.{9A","\EFI\Microsoft\Boot\lt-LT",,".{9A",79400,"......N...............",2025-04-01 16:19:50.000,2019-12-07 10:09:02.000,2025-04-01 00:00:00.000,N,,,,,,,,,,,,,,,,,,,,,,,
,,"?OOTMG~1.{9E","\EFI\Microsoft\Boot\lt-LT",,".{9E",80256,"......N...............",2025-04-01 16:19:50.000,2025-04-01 17:03:04.000,2025-04-01 00:00:00.000,N,,,,,,,,,,,,,,,,,,,,,,,
,,"?OOTMG~1.{D1","\EFI\Microsoft\Boot\lt-LT",,".{D1",80368,"......N...............",2025-04-01 16:19:50.000,2025-04-01 17:03:04.000,2025-04-01 00:00:00.000,N,,,,,,,,,,,,,,,,,,,,,,,
,,"?OOTMG~2.MUI","\EFI\Microsoft\Boot\lt-LT",,".MUI",80368,"......N...............",2025-04-01 16:19:50.000,2025-04-01 17:03:04.000,2025-04-01 00:00:00.000,N,,,,,,,,,,,,,,,,,,,,,,,
,,"bootmgfw.efi.mui","\EFI\Microsoft\Boot\lt-LT",,".mui",80256,"......N...............",2025-04-01 16:19:50.000,2025-04-01 17:03:04.000,2025-04-01 00:00:00.000,Y,,,,,,,,,,,,,,,,,,,,,,,
,,"bootmgr.efi.mui","\EFI\Microsoft\Boot\lt-LT",,".mui",80368,"......N...............",2025-04-01 16:19:50.000,2025-04-01 17:03:04.000,2025-04-01 00:00:00.000,Y,,,,,,,,,,,,,,,,,,,,,,,
,,"?OOTMG~1.MUI","\EFI\Microsoft\Boot\lv-LV",,".MUI",80248,"......N...............",2025-04-01 16:19:50.000,2025-04-01 17:03:04.000,2025-04-01 00:00:00.000,N,,,,,,,,,,,,,,,,,,,,,,,
,,"?OOTMG~1.{75","\EFI\Microsoft\Boot\lv-LV",,".{75",80248,"......N...............",2025-04-01 16:19:50.000,2025-04-01 17:03:04.000,2025-04-01 00:00:00.000,N,,,,,,,,,,,,,,,,,,,,,,,
,,"?OOTMG~1.{7D","\EFI\Microsoft\Boot\lv-LV",,".{7D",79376,"......N...............",2025-04-01 16:19:50.000,2019-12-07 10:09:02.000,2025-04-01 00:00:00.000,N,,,,,,,,,,,,,,,,,,,,,,,
,,"?OOTMG~1.{E1","\EFI\Microsoft\Boot\lv-LV",,".{E1",80240,"......N...............",2025-04-01 16:19:50.000,2025-04-01 17:03:04.000,2025-04-01 00:00:00.000,N,,,,,,,,,,,,,,,,,,,,,,,
,,"?OOTMG~2.MUI","\EFI\Microsoft\Boot\lv-LV",,".MUI",80240,"......N...............",2025-04-01 16:19:50.000,2025-04-01 17:03:04.000,2025-04-01 00:00:00.000,N,,,,,,,,,,,,,,,,,,,,,,,
,,"bootmgfw.efi.mui","\EFI\Microsoft\Boot\lv-LV",,".mui",80248,"......N...............",2025-04-01 16:19:50.000,2025-04-01 17:03:04.000,2025-04-01 00:00:00.000,Y,,,,,,,,,,,,,,,,,,,,,,,
,,"bootmgr.efi.mui","\EFI\Microsoft\Boot\lv-LV",,".mui",80240,"......N...............",2025-04-01 16:19:50.000,2025-04-01 17:03:04.000,2025-04-01 00:00:00.000,Y,,,,,,,,,,,,,,,,,,,,,,,
,,"bootmgr.efi.mui.{e1cf68cd-","\EFI\Microsoft\Boot\lv-LV",,".{e1cf68cd-",79160,"......N...............",2025-04-01 16:19:50.000,2019-12-07 10:09:02.000,2025-04-01 00:00:00.000,N,,,,,,,,,,,,,,,,,,,,,,,
,,"?EMTES~1.MUI","\EFI\Microsoft\Boot\nb-NO",,".MUI",45584,"......N...............",2025-04-01 16:19:50.000,2019-12-07 11:09:04.000,2025-04-01 00:00:00.000,N,,,,,,,,,,,,,,,,,,,,,,,
,,"?EMTES~1.{2C","\EFI\Microsoft\Boot\nb-NO",,".{2C",45584,"......N...............",2025-04-01 16:19:50.000,2019-12-07 11:09:04.000,2025-04-01 00:00:00.000,N,,,,,,,,,,,,,,,,,,,,,,,
,,"?OOTMG~1.MUI","\EFI\Microsoft\Boot\nb-NO",,".MUI",79752,"......N...............",2025-04-01 16:19:50.000,2025-04-01 17:03:04.000,2025-04-01 00:00:00.000,N,,,,,,,,,,,,,,,,,,,,,,,
,,"?OOTMG~1.{15","\EFI\Microsoft\Boot\nb-NO",,".{15",78648,"......N...............",2025-04-01 16:19:50.000,2019-12-07 10:09:02.000,2025-04-01 00:00:00.000,N,,,,,,,,,,,,,,,,,,,,,,,
,,"?OOTMG~1.{97","\EFI\Microsoft\Boot\nb-NO",,".{97",78864,"......N...............",2025-04-01 16:19:50.000,2019-12-07 10:09:02.000,2025-04-01 00:00:00.000,N,,,,,,,,,,,,,,,,,,,,,,,
,,"?OOTMG~2.MUI","\EFI\Microsoft\Boot\nb-NO",,".MUI",79752,"......N...............",2025-04-01 16:19:50.000,2025-04-01 17:03:04.000,2025-04-01 00:00:00.000,N,,,,,,,,,,,,,,,,,,,,,,,
,,"bootmgfw.efi.mui","\EFI\Microsoft\Boot\nb-NO",,".mui",79752,"......N...............",2025-04-01 16:19:50.000,2025-04-01 17:03:04.000,2025-04-01 00:00:00.000,Y,,,,,,,,,,,,,,,,,,,,,,,
,,"bootmgr.efi.mui","\EFI\Microsoft\Boot\nb-NO",,".mui",79752,"......N...............",2025-04-01 16:19:50.000,2025-04-01 17:03:04.000,2025-04-01 00:00:00.000,Y,,,,,,,,,,,,,,,,,,,,,,,
,,"memtest.efi.mui","\EFI\Microsoft\Boot\nb-NO",,".mui",45584,"......N...............",2025-04-01 16:19:50.000,2019-12-07 11:09:04.000,2025-04-01 00:00:00.000,Y,,,,,,,,,,,,,,,,,,,,,,,
,,"?EMTES~1.MUI","\EFI\Microsoft\Boot\nl-NL",,".MUI",45368,"......N...............",2025-04-01 16:19:50.000,2019-12-07 11:09:04.000,2025-04-01 00:00:00.000,N,,,,,,,,,,,,,,,,,,,,,,,
,,"?EMTES~1.{65","\EFI\Microsoft\Boot\nl-NL",,".{65",45368,"......N...............",2025-04-01 16:19:50.000,2019-12-07 11:09:04.000,2025-04-01 00:00:00.000,N,,,,,,,,,,,,,,,,,,,,,,,
,,"?OOTMG~1.MUI","\EFI\Microsoft\Boot\nl-NL",,".MUI",82400,"......N...............",2025-04-01 16:19:50.000,2025-04-01 17:03:04.000,2025-04-01 00:00:00.000,N,,,,,,,,,,,,,,,,,,,,,,,
,,"?OOTMG~1.{36","\EFI\Microsoft\Boot\nl-NL",,".{36",81424,"......N...............",2025-04-01 16:19:50.000,2019-12-07 10:09:02.000,2025-04-01 00:00:00.000,N,,,,,,,,,,,,,,,,,,,,,,,
,,"?OOTMG~1.{6F","\EFI\Microsoft\Boot\nl-NL",,".{6F",81208,"......N...............",2025-04-01 16:19:50.000,2019-12-07 10:09:02.000,2025-04-01 00:00:00.000,N,,,,,,,,,,,,,,,,,,,,,,,
,,"?OOTMG~2.MUI","\EFI\Microsoft\Boot\nl-NL",,".MUI",82288,"......N...............",2025-04-01 16:19:50.000,2025-04-01 17:03:04.000,2025-04-01 00:00:00.000,N,,,,,,,,,,,,,,,,,,,,,,,
,,"bootmgfw.efi.mui","\EFI\Microsoft\Boot\nl-NL",,".mui",82400,"......N...............",2025-04-01 16:19:50.000,2025-04-01 17:03:04.000,2025-04-01 00:00:00.000,Y,,,,,,,,,,,,,,,,,,,,,,,
,,"bootmgr.efi.mui","\EFI\Microsoft\Boot\nl-NL",,".mui",82288,"......N...............",2025-04-01 16:19:50.000,2025-04-01 17:03:04.000,2025-04-01 00:00:00.000,Y,,,,,,,,,,,,,,,,,,,,,,,
,,"memtest.efi.mui","\EFI\Microsoft\Boot\nl-NL",,".mui",45368,"......N...............",2025-04-01 16:19:50.000,2019-12-07 11:09:04.000,2025-04-01 00:00:00.000,Y,,,,,,,,,,,,,,,,,,,,,,,
,,"?EMTES~1.MUI","\EFI\Microsoft\Boot\pl-PL",,".MUI",46096,"......N...............",2025-04-01 16:19:50.000,2019-12-07 11:09:04.000,2025-04-01 00:00:00.000,N,,,,,,,,,,,,,,,,,,,,,,,
,,"?EMTES~1.{B8","\EFI\Microsoft\Boot\pl-PL",,".{B8",46096,"......N...............",2025-04-01 16:19:50.000,2019-12-07 11:09:04.000,2025-04-01 00:00:00.000,N,,,,,,,,,,,,,,,,,,,,,,,
,,"?OOTMG~1.MUI","\EFI\Microsoft\Boot\pl-PL",,".MUI",82808,"......N...............",2025-04-01 16:19:50.000,2025-04-01 17:03:04.000,2025-04-01 00:00:00.000,N,,,,,,,,,,,,,,,,,,,,,,,
,,"?OOTMG~1.{31","\EFI\Microsoft\Boot\pl-PL",,".{31",81720,"......N...............",2025-04-01 16:19:50.000,2019-12-07 10:09:02.000,2025-04-01 00:00:00.000,N,,,,,,,,,,,,,,,,,,,,,,,
,,"?OOTMG~1.{3C","\EFI\Microsoft\Boot\pl-PL",,".{3C",81720,"......N...............",2025-04-01 16:19:50.000,2019-12-07 10:09:02.000,2025-04-01 00:00:00.000,N,,,,,,,,,,,,,,,,,,,,,,,
,,"?OOTMG~2.MUI","\EFI\Microsoft\Boot\pl-PL",,".MUI",82912,"......N...............",2025-04-01 16:19:50.000,2025-04-01 17:03:04.000,2025-04-01 00:00:00.000,N,,,,,,,,,,,,,,,,,,,,,,,
,,"bootmgfw.efi.mui","\EFI\Microsoft\Boot\pl-PL",,".mui",82808,"......N...............",2025-04-01 16:19:50.000,2025-04-01 17:03:04.000,2025-04-01 00:00:00.000,Y,,,,,,,,,,,,,,,,,,,,,,,
,,"bootmgr.efi.mui","\EFI\Microsoft\Boot\pl-PL",,".mui",82912,"......N...............",2025-04-01 16:19:50.000,2025-04-01 17:03:04.000,2025-04-01 00:00:00.000,Y,,,,,,,,,,,,,,,,,,,,,,,
,,"memtest.efi.mui","\EFI\Microsoft\Boot\pl-PL",,".mui",46096,"......N...............",2025-04-01 16:19:50.000,2019-12-07 11:09:04.000,2025-04-01 00:00:00.000,Y,,,,,,,,,,,,,,,,,,,,,,,
,,"?EMTES~1.MUI","\EFI\Microsoft\Boot\pt-BR",,".MUI",45584,"......N...............",2025-04-01 16:19:50.000,2019-12-07 11:09:04.000,2025-04-01 00:00:00.000,N,,,,,,,,,,,,,,,,,,,,,,,
,,"?EMTES~1.{C9","\EFI\Microsoft\Boot\pt-BR",,".{C9",45584,"......N...............",2025-04-01 16:19:50.000,2019-12-07 11:09:04.000,2025-04-01 00:00:00.000,N,,,,,,,,,,,,,,,,,,,,,,,
,,"?OOTMG~1.MUI","\EFI\Microsoft\Boot\pt-BR",,".MUI",81272,"......N...............",2025-04-01 16:19:50.000,2025-04-01 17:03:04.000,2025-04-01 00:00:00.000,N,,,,,,,,,,,,,,,,,,,,,,,
,,"?OOTMG~1.{57","\EFI\Microsoft\Boot\pt-BR",,".{57",80184,"......N...............",2025-04-01 16:19:50.000,2019-12-07 10:09:02.000,2025-04-01 00:00:00.000,N,,,,,,,,,,,,,,,,,,,,,,,
,,"?OOTMG~1.{A3","\EFI\Microsoft\Boot\pt-BR",,".{A3",80184,"......N...............",2025-04-01 16:19:50.000,2019-12-07 10:09:02.000,2025-04-01 00:00:00.000,N,,,,,,,,,,,,,,,,,,,,,,,
,,"?OOTMG~2.MUI","\EFI\Microsoft\Boot\pt-BR",,".MUI",81280,"......N...............",2025-04-01 16:19:50.000,2025-04-01 17:03:04.000,2025-04-01 00:00:00.000,N,,,,,,,,,,,,,,,,,,,,,,,
,,"bootmgfw.efi.mui","\EFI\Microsoft\Boot\pt-BR",,".mui",81272,"......N...............",2025-04-01 16:19:50.000,2025-04-01 17:03:04.000,2025-04-01 00:00:00.000,Y,,,,,,,,,,,,,,,,,,,,,,,
,,"bootmgr.efi.mui","\EFI\Microsoft\Boot\pt-BR",,".mui",81280,"......N...............",2025-04-01 16:19:50.000,2025-04-01 17:03:04.000,2025-04-01 00:00:00.000,Y,,,,,,,,,,,,,,,,,,,,,,,
,,"memtest.efi.mui","\EFI\Microsoft\Boot\pt-BR",,".mui",45584,"......N...............",2025-04-01 16:19:50.000,2019-12-07 11:09:04.000,2025-04-01 00:00:00.000,Y,,,,,,,,,,,,,,,,,,,,,,,
,,"?EMTES~1.MUI","\EFI\Microsoft\Boot\pt-PT",,".MUI",46096,"......N...............",2025-04-01 16:19:50.000,2019-12-07 11:09:04.000,2025-04-01 00:00:00.000,N,,,,,,,,,,,,,,,,,,,,,,,
,,"?EMTES~1.{B0","\EFI\Microsoft\Boot\pt-PT",,".{B0",46096,"......N...............",2025-04-01 16:19:50.000,2019-12-07 11:09:04.000,2025-04-01 00:00:00.000,N,,,,,,,,,,,,,,,,,,,,,,,
,,"?OOTMG~1.MUI","\EFI\Microsoft\Boot\pt-PT",,".MUI",81288,"......N...............",2025-04-01 16:19:50.000,2025-04-01 17:03:04.000,2025-04-01 00:00:00.000,N,,,,,,,,,,,,,,,,,,,,,,,
,,"?OOTMG~1.{13","\EFI\Microsoft\Boot\pt-PT",,".{13",80400,"......N...............",2025-04-01 16:19:50.000,2019-12-07 10:09:02.000,2025-04-01 00:00:00.000,N,,,,,,,,,,,,,,,,,,,,,,,
,,"?OOTMG~1.{25","\EFI\Microsoft\Boot\pt-PT",,".{25",80184,"......N...............",2025-04-01 16:19:50.000,2019-12-07 10:09:02.000,2025-04-01 00:00:00.000,N,,,,,,,,,,,,,,,,,,,,,,,
,,"?OOTMG~2.MUI","\EFI\Microsoft\Boot\pt-PT",,".MUI",81376,"......N...............",2025-04-01 16:19:50.000,2025-04-01 17:03:04.000,2025-04-01 00:00:00.000,N,,,,,,,,,,,,,,,,,,,,,,,
,,"bootmgfw.efi.mui","\EFI\Microsoft\Boot\pt-PT",,".mui",81288,"......N...............",2025-04-01 16:19:50.000,2025-04-01 17:03:04.000,2025-04-01 00:00:00.000,Y,,,,,,,,,,,,,,,,,,,,,,,
,,"bootmgr.efi.mui","\EFI\Microsoft\Boot\pt-PT",,".mui",81376,"......N...............",2025-04-01 16:19:50.000,2025-04-01 17:03:04.000,2025-04-01 00:00:00.000,Y,,,,,,,,,,,,,,,,,,,,,,,
,,"memtest.efi.mui","\EFI\Microsoft\Boot\pt-PT",,".mui",46096,"......N...............",2025-04-01 16:19:50.000,2019-12-07 11:09:04.000,2025-04-01 00:00:00.000,Y,,,,,,,,,,,,,,,,,,,,,,,
,,"?EMTES~1.MUI","\EFI\Microsoft\Boot\QPS-PLOC",,".MUI",54072,"......N...............",2025-04-01 16:19:50.000,2019-12-07 10:09:04.000,2025-04-01 00:00:00.000,N,,,,,,,,,,,,,,,,,,,,,,,
,,"?EMTES~1.{E6","\EFI\Microsoft\Boot\QPS-PLOC",,".{E6",54072,"......N...............",2025-04-01 16:19:50.000,2019-12-07 11:09:04.000,2025-04-01 00:00:00.000,N,,,,,,,,,,,,,,,,,,,,,,,
,,"?EMTES~1.{F6","\EFI\Microsoft\Boot\QPS-PLOC",,".{F6",54072,"......N...............",2025-04-01 16:19:50.000,2019-12-07 10:09:04.000,2025-04-01 00:00:00.000,N,,,,,,,,,,,,,,,,,,,,,,,
,,"memtest.efi.muimemtest.efi.muimemtest.efi.mui","\EFI\Microsoft\Boot\QPS-PLOC",,".mui",54072,"......N...............",2025-04-01 16:19:50.000,2019-12-07 11:09:04.000,2025-04-01 00:00:00.000,Y,,,,,,,,,,,,,,,,,,,,,,,
,,"BOOTRES.DLL","\EFI\Microsoft\Boot\Resources",,".DLL",92472,"......N...............",2025-04-01 16:19:50.000,2019-12-07 10:08:50.000,2025-04-01 00:00:00.000,Y,,,,,,,,,,,,,,,,,,,,,,,
,,"fr-FR","\EFI\Microsoft\Boot\Resources",,"",0,"...D..................",2025-04-01 16:19:50.000,2025-04-01 16:19:52.000,2025-04-01 00:00:00.000,Y,,,,,,,,,,,,,,,,,,,,,,,
,,"?OOTMG~1.MUI","\EFI\Microsoft\Boot\ro-RO",,".MUI",80864,"......N...............",2025-04-01 16:19:50.000,2025-04-01 17:03:04.000,2025-04-01 00:00:00.000,N,,,,,,,,,,,,,,,,,,,,,,,
,,"?OOTMG~1.{1B","\EFI\Microsoft\Boot\ro-RO",,".{1B",79672,"......N...............",2025-04-01 16:19:50.000,2019-12-07 10:09:02.000,2025-04-01 00:00:00.000,N,,,,,,,,,,,,,,,,,,,,,,,
,,"?OOTMG~1.{27","\EFI\Microsoft\Boot\ro-RO",,".{27",79880,"......N...............",2025-04-01 16:19:50.000,2019-12-07 10:09:02.000,2025-04-01 00:00:00.000,N,,,,,,,,,,,,,,,,,,,,,,,
,,"?OOTMG~1.{9E","\EFI\Microsoft\Boot\ro-RO",,".{9E",80880,"......N...............",2025-04-01 16:19:50.000,2025-04-01 17:03:04.000,2025-04-01 00:00:00.000,N,,,,,,,,,,,,,,,,,,,,,,,
,,"?OOTMG~1.{E9","\EFI\Microsoft\Boot\ro-RO",,".{E9",80864,"......N...............",2025-04-01 16:19:50.000,2025-04-01 17:03:04.000,2025-04-01 00:00:00.000,N,,,,,,,,,,,,,,,,,,,,,,,
,,"?OOTMG~2.MUI","\EFI\Microsoft\Boot\ro-RO",,".MUI",80880,"......N...............",2025-04-01 16:19:50.000,2025-04-01 17:03:04.000,2025-04-01 00:00:00.000,N,,,,,,,,,,,,,,,,,,,,,,,
,,"bootmgfw.efi.mui","\EFI\Microsoft\Boot\ro-RO",,".mui",80864,"......N...............",2025-04-01 16:19:50.000,2025-04-01 17:03:04.000,2025-04-01 00:00:00.000,Y,,,,,,,,,,,,,,,,,,,,,,,
,,"bootmgr.efi.mui","\EFI\Microsoft\Boot\ro-RO",,".mui",80880,"......N...............",2025-04-01 16:19:50.000,2025-04-01 17:03:04.000,2025-04-01 00:00:00.000,Y,,,,,,,,,,,,,,,,,,,,,,,
,,"?EMTES~1.MUI","\EFI\Microsoft\Boot\ru-RU",,".MUI",44856,"......N...............",2025-04-01 16:19:50.000,2019-12-07 11:09:04.000,2025-04-01 00:00:00.000,N,,,,,,,,,,,,,,,,,,,,,,,
,,"?EMTES~1.{9E","\EFI\Microsoft\Boot\ru-RU",,".{9E",44856,"......N...............",2025-04-01 16:19:50.000,2019-12-07 11:09:04.000,2025-04-01 00:00:00.000,N,,,,,,,,,,,,,,,,,,,,,,,
,,"?OOTMG~1.MUI","\EFI\Microsoft\Boot\ru-RU",,".MUI",81776,"......N...............",2025-04-01 16:19:50.000,2025-04-01 17:03:04.000,2025-04-01 00:00:00.000,N,,,,,,,,,,,,,,,,,,,,,,,
,,"?OOTMG~1.{7E","\EFI\Microsoft\Boot\ru-RU",,".{7E",80912,"......N...............",2025-04-01 16:19:50.000,2019-12-07 10:09:02.000,2025-04-01 00:00:00.000,N,,,,,,,,,,,,,,,,,,,,,,,
,,"?OOTMG~1.{95","\EFI\Microsoft\Boot\ru-RU",,".{95",80696,"......N...............",2025-04-01 16:19:50.000,2019-12-07 10:09:02.000,2025-04-01 00:00:00.000,N,,,,,,,,,,,,,,,,,,,,,,,
,,"?OOTMG~2.MUI","\EFI\Microsoft\Boot\ru-RU",,".MUI",81888,"......N...............",2025-04-01 16:19:50.000,2025-04-01 17:03:04.000,2025-04-01 00:00:00.000,N,,,,,,,,,,,,,,,,,,,,,,,
,,"bootmgfw.efi.mui","\EFI\Microsoft\Boot\ru-RU",,".mui",81776,"......N...............",2025-04-01 16:19:50.000,2025-04-01 17:03:04.000,2025-04-01 00:00:00.000,Y,,,,,,,,,,,,,,,,,,,,,,,
,,"bootmgr.efi.mui","\EFI\Microsoft\Boot\ru-RU",,".mui",81888,"......N...............",2025-04-01 16:19:50.000,2025-04-01 17:03:04.000,2025-04-01 00:00:00.000,Y,,,,,,,,,,,,,,,,,,,,,,,
,,"memtest.efi.mui","\EFI\Microsoft\Boot\ru-RU",,".mui",44856,"......N...............",2025-04-01 16:19:50.000,2019-12-07 11:09:04.000,2025-04-01 00:00:00.000,Y,,,,,,,,,,,,,,,,,,,,,,,
,,"?OOTMG~1.MUI","\EFI\Microsoft\Boot\sk-SK",,".MUI",81800,"......N...............",2025-04-01 16:19:50.000,2025-04-01 17:03:04.000,2025-04-01 00:00:00.000,N,,,,,,,,,,,,,,,,,,,,,,,
,,"?OOTMG~1.{41","\EFI\Microsoft\Boot\sk-SK",,".{41",80696,"......N...............",2025-04-01 16:19:50.000,2019-12-07 10:09:02.000,2025-04-01 00:00:00.000,N,,,,,,,,,,,,,,,,,,,,,,,
,,"?OOTMG~1.{4F","\EFI\Microsoft\Boot\sk-SK",,".{4F",81888,"......N...............",2025-04-01 16:19:50.000,2025-04-01 17:03:04.000,2025-04-01 00:00:00.000,N,,,,,,,,,,,,,,,,,,,,,,,
,,"?OOTMG~1.{5A","\EFI\Microsoft\Boot\sk-SK",,".{5A",81800,"......N...............",2025-04-01 16:19:50.000,2025-04-01 17:03:04.000,2025-04-01 00:00:00.000,N,,,,,,,,,,,,,,,,,,,,,,,
,,"?OOTMG~1.{E5","\EFI\Microsoft\Boot\sk-SK",,".{E5",80904,"......N...............",2025-04-01 16:19:50.000,2019-12-07 10:09:02.000,2025-04-01 00:00:00.000,N,,,,,,,,,,,,,,,,,,,,,,,
,,"?OOTMG~2.MUI","\EFI\Microsoft\Boot\sk-SK",,".MUI",81888,"......N...............",2025-04-01 16:19:50.000,2025-04-01 17:03:04.000,2025-04-01 00:00:00.000,N,,,,,,,,,,,,,,,,,,,,,,,
,,"bootmgfw.efi.mui","\EFI\Microsoft\Boot\sk-SK",,".mui",81800,"......N...............",2025-04-01 16:19:50.000,2025-04-01 17:03:04.000,2025-04-01 00:00:00.000,Y,,,,,,,,,,,,,,,,,,,,,,,
,,"bootmgr.efi.mui","\EFI\Microsoft\Boot\sk-SK",,".mui",81888,"......N...............",2025-04-01 16:19:50.000,2025-04-01 17:03:04.000,2025-04-01 00:00:00.000,Y,,,,,,,,,,,,,,,,,,,,,,,
,,"?OOTMG~1.MUI","\EFI\Microsoft\Boot\sl-SI",,".MUI",80768,"......N...............",2025-04-01 16:19:50.000,2025-04-01 17:03:04.000,2025-04-01 00:00:00.000,N,,,,,,,,,,,,,,,,,,,,,,,
,,"?OOTMG~1.{75","\EFI\Microsoft\Boot\sl-SI",,".{75",79880,"......N...............",2025-04-01 16:19:50.000,2019-12-07 10:09:02.000,2025-04-01 00:00:00.000,N,,,,,,,,,,,,,,,,,,,,,,,
,,"?OOTMG~1.{BF","\EFI\Microsoft\Boot\sl-SI",,".{BF",80768,"......N...............",2025-04-01 16:19:50.000,2025-04-01 17:03:04.000,2025-04-01 00:00:00.000,N,,,,,,,,,,,,,,,,,,,,,,,
,,"?OOTMG~1.{D2","\EFI\Microsoft\Boot\sl-SI",,".{D2",80768,"......N...............",2025-04-01 16:19:50.000,2025-04-01 17:03:04.000,2025-04-01 00:00:00.000,N,,,,,,,,,,,,,,,,,,,,,,,
,,"?OOTMG~1.{EE","\EFI\Microsoft\Boot\sl-SI",,".{EE",79672,"......N...............",2025-04-01 16:19:50.000,2019-12-07 10:09:02.000,2025-04-01 00:00:00.000,N,,,,,,,,,,,,,,,,,,,,,,,
,,"?OOTMG~2.MUI","\EFI\Microsoft\Boot\sl-SI",,".MUI",80768,"......N...............",2025-04-01 16:19:50.000,2025-04-01 17:03:04.000,2025-04-01 00:00:00.000,N,,,,,,,,,,,,,,,,,,,,,,,
,,"bootmgfw.efi.mui","\EFI\Microsoft\Boot\sl-SI",,".mui",80768,"......N...............",2025-04-01 16:19:50.000,2025-04-01 17:03:04.000,2025-04-01 00:00:00.000,Y,,,,,,,,,,,,,,,,,,,,,,,
,,"bootmgr.efi.mui","\EFI\Microsoft\Boot\sl-SI",,".mui",80768,"......N...............",2025-04-01 16:19:50.000,2025-04-01 17:03:04.000,2025-04-01 00:00:00.000,Y,,,,,,,,,,,,,,,,,,,,,,,
,,"?OOTMG~1.MUI","\EFI\Microsoft\Boot\sr-Latn-RS",,".MUI",81904,"......N...............",2025-04-01 16:19:50.000,2025-04-01 17:03:04.000,2025-04-01 00:00:00.000,N,,,,,,,,,,,,,,,,,,,,,,,
,,"?OOTMG~1.{62","\EFI\Microsoft\Boot\sr-Latn-RS",,".{62",80912,"......N...............",2025-04-01 16:19:50.000,2019-12-07 10:09:02.000,2025-04-01 00:00:00.000,N,,,,,,,,,,,,,,,,,,,,,,,
,,"?OOTMG~1.{77","\EFI\Microsoft\Boot\sr-Latn-RS",,".{77",81776,"......N...............",2025-04-01 16:19:50.000,2025-04-01 17:03:04.000,2025-04-01 00:00:00.000,N,,,,,,,,,,,,,,,,,,,,,,,
,,"?OOTMG~1.{7A","\EFI\Microsoft\Boot\sr-Latn-RS",,".{7A",80696,"......N...............",2025-04-01 16:19:50.000,2019-12-07 10:09:02.000,2025-04-01 00:00:00.000,N,,,,,,,,,,,,,,,,,,,,,,,
,,"?OOTMG~1.{DC","\EFI\Microsoft\Boot\sr-Latn-RS",,".{DC",81904,"......N...............",2025-04-01 16:19:50.000,2025-04-01 17:03:04.000,2025-04-01 00:00:00.000,N,,,,,,,,,,,,,,,,,,,,,,,
,,"?OOTMG~2.MUI","\EFI\Microsoft\Boot\sr-Latn-RS",,".MUI",81776,"......N...............",2025-04-01 16:19:50.000,2025-04-01 17:03:04.000,2025-04-01 00:00:00.000,N,,,,,,,,,,,,,,,,,,,,,,,
,,"bootmgfw.efi.mui","\EFI\Microsoft\Boot\sr-Latn-RS",,".mui",81904,"......N...............",2025-04-01 16:19:50.000,2025-04-01 17:03:04.000,2025-04-01 00:00:00.000,Y,,,,,,,,,,,,,,,,,,,,,,,
,,"bootmgr.efi.mui","\EFI\Microsoft\Boot\sr-Latn-RS",,".mui",81776,"......N...............",2025-04-01 16:19:50.000,2025-04-01 17:03:04.000,2025-04-01 00:00:00.000,Y,,,,,,,,,,,,,,,,,,,,,,,
,,"?EMTES~1.MUI","\EFI\Microsoft\Boot\sv-SE",,".MUI",45072,"......N...............",2025-04-01 16:19:50.000,2019-12-07 11:09:04.000,2025-04-01 00:00:00.000,N,,,,,,,,,,,,,,,,,,,,,,,
,,"?EMTES~1.{DA","\EFI\Microsoft\Boot\sv-SE",,".{DA",45072,"......N...............",2025-04-01 16:19:50.000,2019-12-07 11:09:04.000,2025-04-01 00:00:00.000,N,,,,,,,,,,,,,,,,,,,,,,,
,,"?OOTMG~1.MUI","\EFI\Microsoft\Boot\sv-SE",,".MUI",80760,"......N...............",2025-04-01 16:19:50.000,2025-04-01 17:03:04.000,2025-04-01 00:00:00.000,N,,,,,,,,,,,,,,,,,,,,,,,
,,"?OOTMG~1.{14","\EFI\Microsoft\Boot\sv-SE",,".{14",79672,"......N...............",2025-04-01 16:19:50.000,2019-12-07 10:09:02.000,2025-04-01 00:00:00.000,N,,,,,,,,,,,,,,,,,,,,,,,
,,"?OOTMG~1.{CF","\EFI\Microsoft\Boot\sv-SE",,".{CF",79888,"......N...............",2025-04-01 16:19:50.000,2019-12-07 10:09:02.000,2025-04-01 00:00:00.000,N,,,,,,,,,,,,,,,,,,,,,,,
,,"?OOTMG~2.MUI","\EFI\Microsoft\Boot\sv-SE",,".MUI",80880,"......N...............",2025-04-01 16:19:50.000,2025-04-01 17:03:04.000,2025-04-01 00:00:00.000,N,,,,,,,,,,,,,,,,,,,,,,,
,,"bootmgfw.efi.mui","\EFI\Microsoft\Boot\sv-SE",,".mui",80760,"......N...............",2025-04-01 16:19:50.000,2025-04-01 17:03:04.000,2025-04-01 00:00:00.000,Y,,,,,,,,,,,,,,,,,,,,,,,
,,"bootmgr.efi.mui","\EFI\Microsoft\Boot\sv-SE",,".mui",80880,"......N...............",2025-04-01 16:19:50.000,2025-04-01 17:03:04.000,2025-04-01 00:00:00.000,Y,,,,,,,,,,,,,,,,,,,,,,,
,,"memtest.efi.mui","\EFI\Microsoft\Boot\sv-SE",,".mui",45072,"......N...............",2025-04-01 16:19:50.000,2019-12-07 11:09:04.000,2025-04-01 00:00:00.000,Y,,,,,,,,,,,,,,,,,,,,,,,
,,"?EMTES~1.MUI","\EFI\Microsoft\Boot\tr-TR",,".MUI",45584,"......N...............",2025-04-01 16:19:50.000,2019-12-07 11:09:04.000,2025-04-01 00:00:00.000,N,,,,,,,,,,,,,,,,,,,,,,,
,,"?EMTES~1.{F7","\EFI\Microsoft\Boot\tr-TR",,".{F7",45584,"......N...............",2025-04-01 16:19:50.000,2019-12-07 11:09:04.000,2025-04-01 00:00:00.000,N,,,,,,,,,,,,,,,,,,,,,,,
,,"?OOTMG~1.MUI","\EFI\Microsoft\Boot\tr-TR",,".MUI",80240,"......N...............",2025-04-01 16:19:50.000,2025-04-01 17:03:02.000,2025-04-01 00:00:00.000,N,,,,,,,,,,,,,,,,,,,,,,,
,,"?OOTMG~1.{94","\EFI\Microsoft\Boot\tr-TR",,".{94",79160,"......N...............",2025-04-01 16:19:50.000,2019-12-07 10:09:02.000,2025-04-01 00:00:00.000,N,,,,,,,,,,,,,,,,,,,,,,,
,,"?OOTMG~1.{F8","\EFI\Microsoft\Boot\tr-TR",,".{F8",79376,"......N...............",2025-04-01 16:19:50.000,2019-12-07 10:09:02.000,2025-04-01 00:00:00.000,N,,,,,,,,,,,,,,,,,,,,,,,
,,"?OOTMG~2.MUI","\EFI\Microsoft\Boot\tr-TR",,".MUI",80352,"......N...............",2025-04-01 16:19:50.000,2025-04-01 17:03:02.000,2025-04-01 00:00:00.000,N,,,,,,,,,,,,,,,,,,,,,,,
,,"bootmgfw.efi.mui","\EFI\Microsoft\Boot\tr-TR",,".mui",80240,"......N...............",2025-04-01 16:19:50.000,2025-04-01 17:03:02.000,2025-04-01 00:00:00.000,Y,,,,,,,,,,,,,,,,,,,,,,,
,,"bootmgr.efi.mui","\EFI\Microsoft\Boot\tr-TR",,".mui",80352,"......N...............",2025-04-01 16:19:50.000,2025-04-01 17:03:02.000,2025-04-01 00:00:00.000,Y,,,,,,,,,,,,,,,,,,,,,,,
,,"memtest.efi.mui","\EFI\Microsoft\Boot\tr-TR",,".mui",45584,"......N...............",2025-04-01 16:19:50.000,2019-12-07 11:09:04.000,2025-04-01 00:00:00.000,Y,,,,,,,,,,,,,,,,,,,,,,,
,,"?OOTMG~1.MUI","\EFI\Microsoft\Boot\uk-UA",,".MUI",81784,"......N...............",2025-04-01 16:19:50.000,2025-04-01 17:03:02.000,2025-04-01 00:00:00.000,N,,,,,,,,,,,,,,,,,,,,,,,
,,"?OOTMG~1.{42","\EFI\Microsoft\Boot\uk-UA",,".{42",81888,"......N...............",2025-04-01 16:19:50.000,2025-04-01 17:03:02.000,2025-04-01 00:00:00.000,N,,,,,,,,,,,,,,,,,,,,,,,
,,"?OOTMG~1.{75","\EFI\Microsoft\Boot\uk-UA",,".{75",81736,"......N...............",2025-04-01 16:19:50.000,2022-09-08 04:06:48.000,2025-04-01 00:00:00.000,N,,,,,,,,,,,,,,,,,,,,,,,
,,"?OOTMG~1.{82","\EFI\Microsoft\Boot\uk-UA",,".{82",81784,"......N...............",2025-04-01 16:19:50.000,2025-04-01 17:03:02.000,2025-04-01 00:00:00.000,N,,,,,,,,,,,,,,,,,,,,,,,
,,"?OOTMG~1.{BE","\EFI\Microsoft\Boot\uk-UA",,".{BE",81760,"......N...............",2025-04-01 16:19:50.000,2022-09-08 04:06:48.000,2025-04-01 00:00:00.000,N,,,,,,,,,,,,,,,,,,,,,,,
,,"?OOTMG~2.MUI","\EFI\Microsoft\Boot\uk-UA",,".MUI",81888,"......N...............",2025-04-01 16:19:50.000,2025-04-01 17:03:02.000,2025-04-01 00:00:00.000,N,,,,,,,,,,,,,,,,,,,,,,,
,,"bootmgfw.efi.mui","\EFI\Microsoft\Boot\uk-UA",,".mui",81784,"......N...............",2025-04-01 16:19:50.000,2025-04-01 17:03:02.000,2025-04-01 00:00:00.000,Y,,,,,,,,,,,,,,,,,,,,,,,
,,"bootmgr.efi.mui","\EFI\Microsoft\Boot\uk-UA",,".mui",81888,"......N...............",2025-04-01 16:19:50.000,2025-04-01 17:03:02.000,2025-04-01 00:00:00.000,Y,,,,,,,,,,,,,,,,,,,,,,,
,,"?EMTES~1.MUI","\EFI\Microsoft\Boot\zh-CN",,".MUI",42512,"......N...............",2025-04-01 16:19:50.000,2019-12-07 11:09:04.000,2025-04-01 00:00:00.000,N,,,,,,,,,,,,,,,,,,,,,,,
,,"?EMTES~1.{52","\EFI\Microsoft\Boot\zh-CN",,".{52",42512,"......N...............",2025-04-01 16:19:50.000,2019-12-07 11:09:04.000,2025-04-01 00:00:00.000,N,,,,,,,,,,,,,,,,,,,,,,,
,,"?OOTMG~1.MUI","\EFI\Microsoft\Boot\zh-CN",,".MUI",66016,"......N...............",2025-04-01 16:19:50.000,2025-04-01 17:03:02.000,2025-04-01 00:00:00.000,N,,,,,,,,,,,,,,,,,,,,,,,
,,"?OOTMG~1.{1B","\EFI\Microsoft\Boot\zh-CN",,".{1B",65040,"......N...............",2025-04-01 16:19:50.000,2019-12-07 10:09:02.000,2025-04-01 00:00:00.000,N,,,,,,,,,,,,,,,,,,,,,,,
,,"?OOTMG~1.{4B","\EFI\Microsoft\Boot\zh-CN",,".{4B",64824,"......N...............",2025-04-01 16:19:50.000,2019-12-07 10:09:02.000,2025-04-01 00:00:00.000,N,,,,,,,,,,,,,,,,,,,,,,,
,,"?OOTMG~2.MUI","\EFI\Microsoft\Boot\zh-CN",,".MUI",65904,"......N...............",2025-04-01 16:19:50.000,2025-04-01 17:03:02.000,2025-04-01 00:00:00.000,N,,,,,,,,,,,,,,,,,,,,,,,
,,"bootmgfw.efi.mui","\EFI\Microsoft\Boot\zh-CN",,".mui",66016,"......N...............",2025-04-01 16:19:50.000,2025-04-01 17:03:02.000,2025-04-01 00:00:00.000,Y,,,,,,,,,,,,,,,,,,,,,,,
,,"bootmgr.efi.mui","\EFI\Microsoft\Boot\zh-CN",,".mui",65904,"......N...............",2025-04-01 16:19:50.000,2025-04-01 17:03:02.000,2025-04-01 00:00:00.000,Y,,,,,,,,,,,,,,,,,,,,,,,
,,"memtest.efi.mui","\EFI\Microsoft\Boot\zh-CN",,".mui",42512,"......N...............",2025-04-01 16:19:50.000,2019-12-07 11:09:04.000,2025-04-01 00:00:00.000,Y,,,,,,,,,,,,,,,,,,,,,,,
,,"?EMTES~1.MUI","\EFI\Microsoft\Boot\zh-TW",,".MUI",42512,"......N...............",2025-04-01 16:19:50.000,2019-12-07 11:09:04.000,2025-04-01 00:00:00.000,N,,,,,,,,,,,,,,,,,,,,,,,
,,"?EMTES~1.{0E","\EFI\Microsoft\Boot\zh-TW",,".{0E",42512,"......N...............",2025-04-01 16:19:50.000,2019-12-07 11:09:04.000,2025-04-01 00:00:00.000,N,,,,,,,,,,,,,,,,,,,,,,,
,,"?OOTMG~1.MUI","\EFI\Microsoft\Boot\zh-TW",,".MUI",65904,"......N...............",2025-04-01 16:19:50.000,2025-04-01 17:03:02.000,2025-04-01 00:00:00.000,N,,,,,,,,,,,,,,,,,,,,,,,
,,"?OOTMG~1.{7A","\EFI\Microsoft\Boot\zh-TW",,".{7A",65040,"......N...............",2025-04-01 16:19:50.000,2019-12-07 10:09:02.000,2025-04-01 00:00:00.000,N,,,,,,,,,,,,,,,,,,,,,,,
,,"?OOTMG~1.{DD","\EFI\Microsoft\Boot\zh-TW",,".{DD",64824,"......N...............",2025-04-01 16:19:50.000,2019-12-07 10:09:02.000,2025-04-01 00:00:00.000,N,,,,,,,,,,,,,,,,,,,,,,,
,,"?OOTMG~2.MUI","\EFI\Microsoft\Boot\zh-TW",,".MUI",66016,"......N...............",2025-04-01 16:19:50.000,2025-04-01 17:03:02.000,2025-04-01 00:00:00.000,N,,,,,,,,,,,,,,,,,,,,,,,
,,"bootmgfw.efi.mui","\EFI\Microsoft\Boot\zh-TW",,".mui",65904,"......N...............",2025-04-01 16:19:50.000,2025-04-01 17:03:02.000,2025-04-01 00:00:00.000,Y,,,,,,,,,,,,,,,,,,,,,,,
,,"bootmgr.efi.mui","\EFI\Microsoft\Boot\zh-TW",,".mui",66016,"......N...............",2025-04-01 16:19:50.000,2025-04-01 17:03:02.000,2025-04-01 00:00:00.000,Y,,,,,,,,,,,,,,,,,,,,,,,
,,"memtest.efi.mui","\EFI\Microsoft\Boot\zh-TW",,".mui",42512,"......N...............",2025-04-01 16:19:50.000,2019-12-07 11:09:04.000,2025-04-01 00:00:00.000,Y,,,,,,,,,,,,,,,,,,,,,,,
,,"bootres.dll.mui","\EFI\Microsoft\Boot\Resources\fr-FR",,".mui",13320,"......N...............",2025-04-01 16:19:50.000,2019-12-07 15:50:08.000,2025-04-01 00:00:00.000,Y,,,,,,,,,,,,,,,,,,,,,,,
